Status,Connector RCCP pivot,Connector Plant_Material nr,Material number,Material Description,Cycle time,Work center,Tool number,Project_name,Plate Factory,Plate Final,Plate Description,All delayed,1 2026,2 2026,3 2026,4 2026,5 2026,6 2026,7 2026,8 2026,9 2026,10 2026,11 2026,12 2026,1 2027,2 2027,3 2027,4 2027,5 2027,6 2027,7 2027,8 2027,9 2027,10 2027,11 2027,12 2027,1 2028,2 2028,3 2028,4 2028,5 2028,6 2028,7 2028,8 2028,9 2028,10 2028,11 2028,12 2028
Not approved,NW13_Northwind Andes,NW13_MAT-100487,MAT-100487,PRO-12X/PL.38 304TL 0.6mm,1.393,ASSY_1,T-70081-B,PRJ-DELTA-0246,P01_NW13_Northwind Andes,MAT-100487,PRO-12X/PL.38 304TL 0.6mm,0,0,0,0,0,0,0,0,0,0,0,0,0,0,0,0,0,0,0,0,0,0,0,0,3330,5581,5645,7709,6894,6207,4193,2305,1064,0,0,0,0
Not approved,NW15_Northwind Indochina,NW15_MAT-101408,MAT-101408,XL420/PL.09 304TL 0.5mm,1.628,PRESS_4,T-70370-D,PRJ-GAMMA-0578,P01_NW15_Northwind Indochina,MAT-101408,XL420/PL.09 304TL 0.5mm,0,0,0,0,0,0,0,0,0,0,0,0,1869,2648,3008,3771,2436,2650,1440,1315,556,0,0,0,0,0,0,0,0,0,0,0,0,0,0,0,0
Not approved,NW01_Northwind Midwest,NW01_MAT-100461,MAT-100461,XL520/PL.12 304TL 0.7mm,2.04,PRESS_6,T-70167-C,PRJ-OMEGA-0170,P01_NW01_Northwind Midwest,MAT-100461,XL520/PL.12 304TL 0.7mm,0,0,0,0,0,0,0,0,0,0,0,0,1072,1822,2671,2363,2211,2132,1294,784,456,0,0,0,0,0,0,0,0,0,0,0,0,0,0,0,0
Not approved,NW14_Northwind Oceania,NW14_MAT-101109,MAT-101109,XL520/PL.10 304TL 0.4mm,2.453,PRESS_2,T-70659-C,PRJ-OMEGA-0424,P01_NW14_Northwind Oceania,MAT-101109,XL520/PL.10 304TL 0.4mm,0,0,0,0,0,0,0,0,0,2152,2616,4564,4618,4232,3017,2085,1697,801,0,0,0,0,0,0,0,0,0,0,0,0,0,0,0,0,0,0,0
Not approved,NW10_Northwind Baltics,NW10_MAT-100639,MAT-100639,S160/PL.40 304TL 0.7mm,1.578,PRESS_4,T-70406-B,PRJ-DELTA-0272,P01_NW10_Northwind Baltics,MAT-100639,S160/PL.40 304TL 0.7mm,0,0,0,0,0,0,0,0,0,0,0,0,0,0,0,0,0,0,0,0,0,0,0,0,4440,7103,8947,8187,8091,6331,5131,2427,1159,0,0,0,0
Not approved,NW10_Northwind Baltics,NW10_MAT-100048,MAT-100048,S62/PL.49 304TL 0.4mm,1.485,PRESS_4,T-70127-C,PRJ-GAMMA-0623,P01_NW10_Northwind Baltics,MAT-100048,S62/PL.49 304TL 0.4mm,0,0,0,3902,6966,7651,6712,7003,4550,3354,2430,1835,0,0,0,0,0,0,0,0,0,0,0,0,0,0,0,0,0,0,0,0,0,0,0,0,0
Not approved,NW11_Northwind Levant,NW11_MAT-100366,MAT-100366,PRO-9X/PL.17 304TL 0.6mm,1.45,GRINDING_1,T-70261-D,PRJ-ALPHA-0043,P01_NW11_Northwind Levant,MAT-100366,PRO-9X/PL.17 304TL 0.6mm,0,0,0,0,0,0,0,0,2390,2367,4189,5097,4114,2359,2322,1494,866,0,0,0,0,0,0,0,0,0,0,0,0,0,0,0,0,0,0,0,0
Not approved,NW15_Northwind Indochina,NW15_MAT-101296,MAT-101296,S62/PL.47 304TL 0.4mm,1.479,EXTRUSION_1,T-70080-B,PRJ-ALPHA-0645,P01_NW15_Northwind Indochina,MAT-101296,S62/PL.47 304TL 0.4mm,0,0,1179,1402,1933,2246,2074,1668,1237,660,375,0,0,0,0,0,0,0,0,0,0,0,0,0,0,0,0,0,0,0,0,0,0,0,0,0,0
Not approved,NW03_Northwind Carpathia,NW03_MAT-100583,MAT-100583,PRO-12X/PL.34 304TL 0.5mm,1.723,EXTRUSION_1,T-70500-D,PRJ-BETA-0375,P01_NW03_Northwind Carpathia,MAT-100583,PRO-12X/PL.34 304TL 0.5mm,0,0,0,0,0,0,0,0,0,0,0,0,0,0,0,0,0,0,0,0,0,3712,4259,5006,7454,4528,3584,3438,1887,996,0,0,0,0,0,0,0
Not approved,NW05_Northwind Pacific,NW05_MAT-100990,MAT-100990,PRO-9X/PL.41 304TL 0.3mm,1.588,EXTRUSION_1,T-70502-B,PRJ-DELTA-0250,P01_NW05_Northwind Pacific,MAT-100990,PRO-9X/PL.41 304TL 0.3mm,0,0,0,0,0,0,0,0,0,0,0,0,0,0,0,0,0,2022,3237,3001,4284,3367,2139,2596,1141,641,0,0,0,0,0,0,0,0,0,0,0
Not approved,NW14_Northwind Oceania,NW14_MAT-100636,MAT-100636,S62/PL.37 304TL 0.5mm,1.157,GRINDING_1,T-70580-A,PRJ-DELTA-0433,P01_NW14_Northwind Oceania,MAT-100636,S62/PL.37 304TL 0.5mm,0,4210,5088,5714,5947,4618,3462,2812,1254,0,0,0,0,0,0,0,0,0,0,0,0,0,0,0,0,0,0,0,0,0,0,0,0,0,0,0,0
Not approved,NW11_Northwind Levant,NW11_MAT-100967,MAT-100967,PRO-12X/PL.18 304TL 0.7mm,1.378,GRINDING_1,T-70382-D,PRJ-EPSILON-0438,P01_NW11_Northwind Levant,MAT-100967,PRO-12X/PL.18 304TL 0.7mm,0,0,0,0,0,0,0,0,0,0,0,0,0,0,0,0,0,0,0,0,0,0,2618,3628,3615,6389,4241,4537,3131,2121,927,0,0,0,0,0,0
Not approved,NW04_Northwind Southbay,NW04_MAT-101094,MAT-101094,S140/PL.45 304TL 0.3mm,1.016,PRESS_5,T-70060-A,PRJ-BETA-0009,P01_NW04_Northwind Southbay,MAT-101094,S140/PL.45 304TL 0.3mm,0,0,0,4463,8101,9990,11827,9209,6936,6198,3597,1355,0,0,0,0,0,0,0,0,0,0,0,0,0,0,0,0,0,0,0,0,0,0,0,0,0
Not approved,NW03_Northwind Carpathia,NW03_MAT-100652,MAT-100652,XL420/PL.03 304TL 0.3mm,2.274,PRES_8_1,T-70485-C,PRJ-OMEGA-0586,P01_NW03_Northwind Carpathia,MAT-100652,XL420/PL.03 304TL 0.3mm,0,0,0,0,0,0,0,0,0,0,0,0,2475,4663,5788,6701,3762,4171,2515,2223,828,0,0,0,0,0,0,0,0,0,0,0,0,0,0,0,0
Not approved,NW01_Northwind Midwest,NW01_MAT-100078,MAT-100078,PRO-9X/PL.29 304TL 0.8mm,1.215,PRESS_6,T-70470-C,PRJ-OMEGA-0121,P01_NW01_Northwind Midwest,MAT-100078,PRO-9X/PL.29 304TL 0.8mm,0,0,0,2799,4299,5491,6859,6648,3420,2745,2665,895,0,0,0,0,0,0,0,0,0,0,0,0,0,0,0,0,0,0,0,0,0,0,0,0,0
Not approved,NW06_Northwind Southeast,NW06_MAT-101466,MAT-101466,S140/PL.17 304TL 0.3mm,1.608,PRESS_3,T-70117-B,PRJ-GAMMA-0490,P01_NW06_Northwind Southeast,MAT-101466,S140/PL.17 304TL 0.3mm,0,0,0,0,0,0,0,0,0,0,0,0,0,0,0,0,0,0,0,0,0,0,0,0,0,0,4042,4621,7028,5525,5147,5585,3974,2879,1260,0,0
Not approved,NW10_Northwind Baltics,NW10_MAT-101208,MAT-101208,MX100/PL.09 304TL 0.8mm,1.217,PRESS_2,T-70669-D,PRJ-EPSILON-0087,P01_NW10_Northwind Baltics,MAT-101208,MX100/PL.09 304TL 0.8mm,0,0,0,0,0,0,0,0,0,0,0,3740,5775,6653,6334,6727,5936,4364,2576,1032,0,0,0,0,0,0,0,0,0,0,0,0,0,0,0,0,0
Not approved,NW10_Northwind Baltics,NW10_MAT-100209,MAT-100209,XL520/PL.10 304TL 0.6mm,2.088,PRESS_4,T-70652-C,PRJ-ALPHA-0334,P01_NW10_Northwind Baltics,MAT-100209,XL520/PL.10 304TL 0.6mm,0,0,0,0,0,0,0,0,0,0,0,0,0,0,0,0,0,0,0,0,0,3293,4414,6662,5913,4275,3972,3508,2641,818,0,0,0,0,0,0,0
Not approved,NW10_Northwind Baltics,NW10_MAT-101324,MAT-101324,XL420/PL.25 304TL 0.7mm,1.84,PRESS_4,T-70259-B,PRJ-EPSILON-0024,P01_NW10_Northwind Baltics,MAT-101324,XL420/PL.25 304TL 0.7mm,0,0,0,0,0,0,0,0,0,0,0,0,0,0,0,0,0,0,0,0,0,0,0,0,0,0,0,0,1527,2364,2497,3684,2975,2641,1385,1225,647
Not approved,NW12_Northwind Cerrado,NW12_MAT-100924,MAT-100924,S62/PL.25 304TL 0.3mm,1.319,PRESS_2,T-70224-B,PRJ-DELTA-0634,P01_NW12_Northwind Cerrado,MAT-100924,S62/PL.25 304TL 0.3mm,0,4352,7380,8489,6348,4688,4371,2286,1385,0,0,0,0,0,0,0,0,0,0,0,0,0,0,0,0,0,0,0,0,0,0,0,0,0,0,0,0
Not approved,NW08_Northwind Iberia,NW08_MAT-100891,MAT-100891,S160/PL.42 304TL 0.4mm,1.536,ASSY_1,T-70350-B,PRJ-DELTA-0064,P01_NW08_Northwind Iberia,MAT-100891,S160/PL.42 304TL 0.4mm,0,0,0,0,0,0,0,0,0,0,0,0,0,0,0,0,0,0,0,0,0,0,0,0,0,1014,1911,1733,2266,2560,2098,1538,930,405,0,0,0
Not approved,NW15_Northwind Indochina,NW15_MAT-100281,MAT-100281,XL520/PL.32 304TL 0.5mm,2.504,PRESS_4,T-70270-D,PRJ-BETA-0280,P01_NW15_Northwind Indochina,MAT-100281,XL520/PL.32 304TL 0.5mm,0,0,0,0,0,0,0,0,0,0,0,0,0,0,0,0,0,0,0,0,2094,4244,3815,3928,3534,4186,2598,1528,658,0,0,0,0,0,0,0,0
Not approved,NW15_Northwind Indochina,NW15_MAT-101387,MAT-101387,PRO-12X/PL.38 304TL 0.4mm,1.372,PRESS_4,T-70111-D,PRJ-OMEGA-0062,P01_NW15_Northwind Indochina,MAT-101387,PRO-12X/PL.38 304TL 0.4mm,0,0,0,0,0,0,0,0,0,0,0,0,0,0,0,0,0,1595,1868,1760,2888,2766,2234,1163,890,367,0,0,0,0,0,0,0,0,0,0,0
Not approved,NW14_Northwind Oceania,NW14_MAT-100019,MAT-100019,PRO-12X/PL.20 304TL 0.4mm,1.855,GRINDING_1,T-70618-B,PRJ-DELTA-0246,P01_NW14_Northwind Oceania,MAT-100019,PRO-12X/PL.20 304TL 0.4mm,0,0,0,0,0,0,0,0,0,0,0,0,0,0,0,0,0,0,0,0,1822,2624,2664,3925,3592,2003,2302,1015,787,0,0,0,0,0,0,0,0
Not approved,NW10_Northwind Baltics,NW10_MAT-100713,MAT-100713,XL520/PL.14 304TL 0.5mm,1.995,PRESS_4,T-70220-A,PRJ-GAMMA-0617,P01_NW10_Northwind Baltics,MAT-100713,XL520/PL.14 304TL 0.5mm,0,0,0,0,0,0,0,0,0,0,0,0,0,0,0,0,0,0,1074,1704,2307,2208,1736,1818,1054,837,305,0,0,0,0,0,0,0,0,0,0
Not approved,NW09_Northwind Alpine,NW09_MAT-101206,MAT-101206,PRO-9X/PL.07 304TL 0.6mm,1.873,PRESS_3,T-70201-D,PRJ-OMEGA-0207,P01_NW09_Northwind Alpine,MAT-101206,PRO-9X/PL.07 304TL 0.6mm,0,0,0,0,0,0,0,0,0,0,0,0,0,0,0,0,0,1392,1859,3197,2892,3251,2806,2239,1433,579,0,0,0,0,0,0,0,0,0,0,0
Not approved,NW05_Northwind Pacific,NW05_MAT-101112,MAT-101112,MX100/PL.13 304TL 0.3mm,1.226,PRESS_3,T-70453-B,PRJ-OMEGA-0407,P01_NW05_Northwind Pacific,MAT-101112,MX100/PL.13 304TL 0.3mm,0,0,0,6607,6537,10252,9808,7986,8607,4159,3685,1701,0,0,0,0,0,0,0,0,0,0,0,0,0,0,0,0,0,0,0,0,0,0,0,0,0
Not approved,NW03_Northwind Carpathia,NW03_MAT-100778,MAT-100778,MX250/PL.29 304TL 0.6mm,0.926,EXTRUSION_1,T-70161-D,PRJ-BETA-0677,P01_NW03_Northwind Carpathia,MAT-100778,MX250/PL.29 304TL 0.6mm,0,0,0,0,0,0,0,0,0,0,0,0,3644,5462,7427,9282,4947,6127,4552,2353,1425,0,0,0,0,0,0,0,0,0,0,0,0,0,0,0,0
Not approved,NW08_Northwind Iberia,NW08_MAT-100252,MAT-100252,S62/PL.03 304TL 0.4mm,0.942,ASSY_1,T-70233-C,PRJ-EPSILON-0419,P01_NW08_Northwind Iberia,MAT-100252,S62/PL.03 304TL 0.4mm,0,3996,7189,5314,6977,4198,2848,2535,1046,0,0,0,0,0,0,0,0,0,0,0,0,0,0,0,0,0,0,0,0,0,0,0,0,0,0,0,0
Not approved,NW10_Northwind Baltics,NW10_MAT-101115,MAT-101115,HT80/PL.16 304TL 0.5mm,1.496,PRESS_4,T-70014-D,PRJ-BETA-0417,P01_NW10_Northwind Baltics,MAT-101115,HT80/PL.16 304TL 0.5mm,0,0,0,0,0,0,0,0,0,0,0,0,0,0,0,0,0,0,0,0,0,258,327,412,677,458,321,343,230,117,0,0,0,0,0,0,0
Not approved,NW05_Northwind Pacific,NW05_MAT-100015,MAT-100015,S160/PL.16 304TL 0.4mm,1.385,EXTRUSION_1,T-70644-D,PRJ-OMEGA-0586,P01_NW05_Northwind Pacific,MAT-100015,S160/PL.16 304TL 0.4mm,0,0,0,0,0,0,0,0,0,0,0,0,0,0,0,0,2216,4590,5234,5064,3678,3746,2254,1825,1067,0,0,0,0,0,0,0,0,0,0,0,0
Not approved,NW04_Northwind Southbay,NW04_MAT-100078,MAT-100078,PRO-9X/PL.29 304TL 0.8mm,1.5,PRESS_5,T-70386-D,PRJ-OMEGA-0093,P01_NW04_Northwind Southbay,MAT-100078,PRO-9X/PL.29 304TL 0.8mm,0,0,0,0,0,3750,5001,8933,11746,7260,6212,3690,3080,1660,0,0,0,0,0,0,0,0,0,0,0,0,0,0,0,0,0,0,0,0,0,0,0
Not approved,NW06_Northwind Southeast,NW06_MAT-100089,MAT-100089,XL520/PL.40 304TL 0.3mm,1.781,PRESS_4,T-70397-C,PRJ-OMEGA-0015,P01_NW06_Northwind Southeast,MAT-100089,XL520/PL.40 304TL 0.3mm,0,0,0,0,0,5525,5840,7413,8159,10822,8176,4744,2700,2151,0,0,0,0,0,0,0,0,0,0,0,0,0,0,0,0,0,0,0,0,0,0,0
Not approved,NW05_Northwind Pacific,NW05_MAT-100897,MAT-100897,MX200/PL.48 304TL 0.6mm,1.085,EXTRUSION_1,T-70484-C,PRJ-ALPHA-0351,P01_NW05_Northwind Pacific,MAT-100897,MX200/PL.48 304TL 0.6mm,0,0,0,0,0,0,0,0,0,0,0,0,0,0,0,0,332,355,578,673,630,572,409,215,136,0,0,0,0,0,0,0,0,0,0,0,0
Not approved,NW13_Northwind Andes,NW13_MAT-101255,MAT-101255,PRO-12X/PL.06 304TL 0.3mm,1.473,PRESS_2,T-70369-D,PRJ-DELTA-0039,P01_NW13_Northwind Andes,MAT-101255,PRO-12X/PL.06 304TL 0.3mm,0,7469,5859,11401,9192,5152,5331,3263,1338,0,0,0,0,0,0,0,0,0,0,0,0,0,0,0,0,0,0,0,0,0,0,0,0,0,0,0,0
Not approved,NW15_Northwind Indochina,NW15_MAT-100179,MAT-100179,HT80/PL.30 304TL 0.3mm,1.523,PRESS_4,T-70341-B,PRJ-EPSILON-0319,P01_NW15_Northwind Indochina,MAT-100179,HT80/PL.30 304TL 0.3mm,0,0,0,0,0,0,0,0,0,0,0,0,0,0,0,0,0,0,770,975,1262,996,1072,664,749,454,248,0,0,0,0,0,0,0,0,0,0
Not approved,NW01_Northwind Midwest,NW01_MAT-100741,MAT-100741,MX200/PL.42 304TL 0.5mm,1.16,PRESS_4,T-70539-D,PRJ-OMEGA-0161,P01_NW01_Northwind Midwest,MAT-100741,MX200/PL.42 304TL 0.5mm,0,0,0,0,0,0,0,0,0,0,0,0,0,0,0,0,0,0,0,0,0,0,0,0,0,0,0,0,6551,6518,6996,9238,9755,8309,5618,3687,1911
Not approved,NW10_Northwind Baltics,NW10_MAT-101096,MAT-101096,XL420/PL.47 304TL 0.5mm,1.679,PRESS_4,T-70581-A,PRJ-BETA-0672,P01_NW10_Northwind Baltics,MAT-101096,XL420/PL.47 304TL 0.5mm,0,0,0,0,0,3882,7378,9417,11074,10385,7209,5456,4212,1333,0,0,0,0,0,0,0,0,0,0,0,0,0,0,0,0,0,0,0,0,0,0,0
Not approved,NW14_Northwind Oceania,NW14_MAT-101358,MAT-101358,S140/PL.09 304TL 0.6mm,1.257,GRINDING_1,T-70022-D,PRJ-BETA-0384,P01_NW14_Northwind Oceania,MAT-101358,S140/PL.09 304TL 0.6mm,0,0,0,0,0,0,0,0,0,0,0,0,0,0,0,0,0,5750,6671,9917,11658,7655,6429,4341,3567,2341,0,0,0,0,0,0,0,0,0,0,0
Not approved,NW07_Northwind West Coast,NW07_MAT-100438,MAT-100438,PRO-9X/PL.39 304TL 0.6mm,1.344,PRESS_3,T-70089-D,PRJ-EPSILON-0130,P01_NW07_Northwind West Coast,MAT-100438,PRO-9X/PL.39 304TL 0.6mm,0,0,0,0,0,0,1576,3100,4161,3800,3562,2836,2115,1455,544,0,0,0,0,0,0,0,0,0,0,0,0,0,0,0,0,0,0,0,0,0,0
Not approved,NW05_Northwind Pacific,NW05_MAT-100503,MAT-100503,HT80/PL.04 304TL 0.4mm,2.172,PRESS_5,T-70606-B,PRJ-DELTA-0720,P01_NW05_Northwind Pacific,MAT-100503,HT80/PL.04 304TL 0.4mm,0,0,0,0,0,0,0,0,0,0,0,0,0,0,0,0,0,0,0,0,0,0,0,0,0,0,3131,4923,6456,9020,8242,4639,4833,2492,1416,0,0
Not approved,NW01_Northwind Midwest,NW01_MAT-100977,MAT-100977,XL520/PL.28 304TL 0.5mm,2.098,PRESS_5,T-70466-A,PRJ-GAMMA-0466,P01_NW01_Northwind Midwest,MAT-100977,XL520/PL.28 304TL 0.5mm,0,0,0,0,0,0,0,0,0,0,7089,7767,10060,9530,8538,7897,5030,3290,1796,0,0,0,0,0,0,0,0,0,0,0,0,0,0,0,0,0,0
Not approved,Missing plant,_,,HT80/PL.38 304TL 0.4mm,Missing CT,Missing WC,Missing tool,PRJ-GAMMA-0609,,,,0,0,0,3396,3089,4209,7244,5558,3391,2941,1821,1024,0,0,0,0,0,0,0,0,0,0,0,0,0,0,0,0,0,0,0,0,0,0,0,0,0
Not approved,NW13_Northwind Andes,NW13_MAT-101307,MAT-101307,HT80/PL.08 304TL 0.7mm,1.989,PRESS_4,T-70076-D,PRJ-GAMMA-0507,P01_NW13_Northwind Andes,MAT-101307,HT80/PL.08 304TL 0.7mm,0,0,0,0,0,0,0,0,0,0,0,0,0,3160,6199,5931,5851,5428,5646,3829,2085,1528,0,0,0,0,0,0,0,0,0,0,0,0,0,0,0
Not approved,NW06_Northwind Southeast,NW06_MAT-100915,MAT-100915,S160/PL.16 304TL 0.4mm,1.171,GRINDING_1,T-70177-D,PRJ-ALPHA-0104,P01_NW06_Northwind Southeast,MAT-100915,S160/PL.16 304TL 0.4mm,0,0,0,0,0,0,0,0,0,0,0,0,4971,5796,7644,9836,9743,4959,5533,3232,1926,0,0,0,0,0,0,0,0,0,0,0,0,0,0,0,0
Not approved,NW12_Northwind Cerrado,NW12_MAT-100117,MAT-100117,MX200/PL.18 304TL 0.6mm,1.163,PRESS_1,T-70538-D,PRJ-BETA-0506,P01_NW12_Northwind Cerrado,MAT-100117,MX200/PL.18 304TL 0.6mm,0,0,0,0,0,0,0,0,0,0,0,0,3663,6613,7455,11098,8641,7218,3847,2937,1398,0,0,0,0,0,0,0,0,0,0,0,0,0,0,0,0
Not approved,NW07_Northwind West Coast,NW07_MAT-101305,MAT-101305,MX200/PL.06 304TL 0.6mm,1.213,EXTRUSION_1,T-70267-A,PRJ-ALPHA-0174,P01_NW07_Northwind West Coast,MAT-101305,MX200/PL.06 304TL 0.6mm,0,2986,4776,4909,5069,6100,4539,3843,2219,1208,0,0,0,0,0,0,0,0,0,0,0,0,0,0,0,0,0,0,0,0,0,0,0,0,0,0,0
Not approved,NW12_Northwind Cerrado,NW12_MAT-100585,MAT-100585,MX200/PL.36 304TL 0.4mm,1.311,ASSY_1,T-70273-D,PRJ-OMEGA-0139,P01_NW12_Northwind Cerrado,MAT-100585,MX200/PL.36 304TL 0.4mm,0,0,0,0,0,0,0,0,0,0,3409,4308,7076,5695,6602,4989,3126,2312,1464,0,0,0,0,0,0,0,0,0,0,0,0,0,0,0,0,0,0
Not approved,NW05_Northwind Pacific,NW05_MAT-100203,MAT-100203,HT80/PL.04 304TL 0.5mm,1.872,PRESS_6,T-70691-C,PRJ-ALPHA-0645,P01_NW05_Northwind Pacific,MAT-100203,HT80/PL.04 304TL 0.5mm,0,0,0,0,0,0,0,0,1384,1987,2255,2529,2791,1950,1673,737,461,0,0,0,0,0,0,0,0,0,0,0,0,0,0,0,0,0,0,0,0
Not approved,NW02_Northwind Heartland,NW02_MAT-100792,MAT-100792,S62/PL.43 304TL 0.6mm,1.258,PRESS_6,T-70386-D,PRJ-DELTA-0066,P01_NW02_Northwind Heartland,MAT-100792,S62/PL.43 304TL 0.6mm,0,0,3564,6207,8769,7573,5702,6587,4116,3111,1708,0,0,0,0,0,0,0,0,0,0,0,0,0,0,0,0,0,0,0,0,0,0,0,0,0,0
Not approved,NW05_Northwind Pacific,NW05_MAT-101097,MAT-101097,XL520/PL.48 304TL 0.3mm,2.063,PRESS_6,T-70370-D,PRJ-GAMMA-0414,P01_NW05_Northwind Pacific,MAT-101097,XL520/PL.48 304TL 0.3mm,0,0,0,0,0,0,0,0,0,0,0,0,0,0,0,0,0,0,0,0,0,0,0,0,928,1299,2283,2918,2250,2033,1101,675,380,0,0,0,0
Not approved,NW02_Northwind Heartland,NW02_MAT-100814,MAT-100814,MX250/PL.15 304TL 0.5mm,1.22,ASSY_1,T-70633-D,PRJ-EPSILON-0279,P01_NW02_Northwind Heartland,MAT-100814,MX250/PL.15 304TL 0.5mm,0,0,0,0,0,0,0,0,3154,5874,6462,6818,8097,5813,4823,2332,1136,0,0,0,0,0,0,0,0,0,0,0,0,0,0,0,0,0,0,0,0
Not approved,NW13_Northwind Andes,NW13_MAT-101359,MAT-101359,S160/PL.10 304TL 0.7mm,1.579,PRESS_2,T-70316-A,PRJ-EPSILON-0412,P01_NW13_Northwind Andes,MAT-101359,S160/PL.10 304TL 0.7mm,0,0,0,0,0,0,0,0,0,0,0,0,0,0,0,0,0,0,0,0,2232,2725,3232,5394,3876,2767,1983,1903,978,0,0,0,0,0,0,0,0
Not approved,NW02_Northwind Heartland,NW02_MAT-101399,MAT-101399,PRO-12X/PL.50 304TL 0.7mm,1.537,PRESS_5,T-70456-A,PRJ-OMEGA-0530,P01_NW02_Northwind Heartland,MAT-101399,PRO-12X/PL.50 304TL 0.7mm,0,0,0,0,0,0,0,0,0,0,0,0,0,0,0,0,0,0,0,0,0,0,4398,7859,7574,10222,7936,7893,6522,3777,2026,0,0,0,0,0,0
Not approved,NW13_Northwind Andes,NW13_MAT-101284,MAT-101284,S62/PL.35 304TL 0.5mm,1.06,PRESS_3,T-70276-A,PRJ-EPSILON-0693,P01_NW13_Northwind Andes,MAT-101284,S62/PL.35 304TL 0.5mm,0,0,0,0,0,0,0,0,0,0,0,0,0,0,0,0,1167,1322,1281,1571,1869,1189,875,584,289,0,0,0,0,0,0,0,0,0,0,0,0
Not approved,NW01_Northwind Midwest,NW01_MAT-100540,MAT-100540,S62/PL.41 304TL 0.3mm,1.364,PRESS_5,T-70675-C,PRJ-GAMMA-0132,P01_NW01_Northwind Midwest,MAT-100540,S62/PL.41 304TL 0.3mm,0,0,0,0,0,2549,3293,4718,4175,3836,2543,1924,2008,849,0,0,0,0,0,0,0,0,0,0,0,0,0,0,0,0,0,0,0,0,0,0,0
Not approved,Missing plant,_,,MX100/PL.35 304TL 0.7mm,Missing CT,Missing WC,Missing tool,PRJ-BETA-0451,,,,0,0,0,0,0,0,2149,2442,4054,4525,3610,3172,2272,1601,511,0,0,0,0,0,0,0,0,0,0,0,0,0,0,0,0,0,0,0,0,0,0
Not approved,NW15_Northwind Indochina,NW15_MAT-100022,MAT-100022,MX250/PL.23 304TL 0.3mm,1.091,PRESS_1,T-70326-A,PRJ-BETA-0238,P01_NW15_Northwind Indochina,MAT-100022,MX250/PL.23 304TL 0.3mm,0,0,0,3930,5063,8491,7510,7412,4511,3554,3234,1361,0,0,0,0,0,0,0,0,0,0,0,0,0,0,0,0,0,0,0,0,0,0,0,0,0
Not approved,NW10_Northwind Baltics,NW10_MAT-101020,MAT-101020,S62/PL.21 304TL 0.3mm,1.408,PRESS_4,T-70370-D,PRJ-OMEGA-0524,P01_NW10_Northwind Baltics,MAT-101020,S62/PL.21 304TL 0.3mm,0,0,0,0,0,0,0,0,0,0,0,0,1803,2792,3583,4910,2982,3759,1811,1573,849,0,0,0,0,0,0,0,0,0,0,0,0,0,0,0,0
Not approved,NW02_Northwind Heartland,NW02_MAT-101330,MAT-101330,MX250/PL.31 304TL 0.4mm,1.342,GRINDING_1,T-70589-B,PRJ-DELTA-0125,P01_NW02_Northwind Heartland,MAT-101330,MX250/PL.31 304TL 0.4mm,0,0,0,0,0,0,0,0,0,0,0,0,0,0,0,0,0,0,0,0,0,0,0,0,0,0,0,0,5536,5806,7221,12727,8952,7841,5671,3055,2029
Not approved,NW01_Northwind Midwest,NW01_MAT-100273,MAT-100273,MX200/PL.24 304TL 0.4mm,1.055,ASSY_1,T-70005-C,PRJ-GAMMA-0160,P01_NW01_Northwind Midwest,MAT-100273,MX200/PL.24 304TL 0.4mm,0,0,0,0,0,0,0,0,0,0,0,0,0,0,0,0,0,0,0,0,0,1201,1568,1989,2073,2295,1471,1197,827,342,0,0,0,0,0,0,0
Not approved,NW05_Northwind Pacific,NW05_MAT-100329,MAT-100329,XL520/PL.30 304TL 0.6mm,2.188,PRESS_6,T-70202-C,PRJ-OMEGA-0297,P01_NW05_Northwind Pacific,MAT-100329,XL520/PL.30 304TL 0.6mm,0,4201,3693,5562,4267,3746,3024,1695,857,0,0,0,0,0,0,0,0,0,0,0,0,0,0,0,0,0,0,0,0,0,0,0,0,0,0,0,0
Not approved,NW06_Northwind Southeast,NW06_MAT-100327,MAT-100327,S160/PL.28 304TL 0.4mm,1.612,PRESS_3,T-70668-C,PRJ-DELTA-0545,P01_NW06_Northwind Southeast,MAT-100327,S160/PL.28 304TL 0.4mm,0,0,0,0,0,0,0,0,0,0,0,0,0,0,0,0,0,0,0,0,0,0,4728,5915,6592,7222,9169,5185,4227,3356,1864,0,0,0,0,0,0
Not approved,NW13_Northwind Andes,NW13_MAT-101403,MAT-101403,HT80/PL.04 304TL 0.6mm,1.763,PRESS_4,T-70127-C,PRJ-GAMMA-0612,P01_NW13_Northwind Andes,MAT-101403,HT80/PL.04 304TL 0.6mm,0,0,0,0,0,0,0,0,0,0,0,0,0,0,0,4946,4175,7517,6522,5279,4248,3753,2069,1621,0,0,0,0,0,0,0,0,0,0,0,0,0
Not approved,NW02_Northwind Heartland,NW02_MAT-101453,MAT-101453,S120/PL.04 304TL 0.6mm,1.251,GRINDING_1,T-70039-B,PRJ-OMEGA-0340,P01_NW02_Northwind Heartland,MAT-101453,S120/PL.04 304TL 0.6mm,0,0,4631,5112,6800,6556,8357,6720,4670,3354,1451,0,0,0,0,0,0,0,0,0,0,0,0,0,0,0,0,0,0,0,0,0,0,0,0,0,0
Not approved,NW04_Northwind Southbay,NW04_MAT-100212,MAT-100212,MX100/PL.13 304TL 0.8mm,1.19,PRESS_2,T-70322-D,PRJ-OMEGA-0441,P01_NW04_Northwind Southbay,MAT-100212,MX100/PL.13 304TL 0.8mm,0,0,0,0,0,0,0,4505,5327,7033,8266,7466,7027,4552,2885,1437,0,0,0,0,0,0,0,0,0,0,0,0,0,0,0,0,0,0,0,0,0
Not approved,NW07_Northwind West Coast,NW07_MAT-100338,MAT-100338,S140/PL.39 304TL 0.7mm,1.264,PRESS_4,T-70656-C,PRJ-BETA-0574,P01_NW07_Northwind West Coast,MAT-100338,S140/PL.39 304TL 0.7mm,0,0,0,0,0,0,0,0,0,0,1425,1592,2305,1967,2319,1691,1147,834,495,0,0,0,0,0,0,0,0,0,0,0,0,0,0,0,0,0,0
Not approved,NW15_Northwind Indochina,NW15_MAT-100708,MAT-100708,S62/PL.09 304TL 0.5mm,1.027,ASSY_1,T-70290-B,PRJ-DELTA-0431,P01_NW15_Northwind Indochina,MAT-100708,S62/PL.09 304TL 0.5mm,0,0,0,0,0,0,0,0,0,0,0,0,0,0,0,0,0,0,0,0,0,0,0,0,0,0,745,1065,1421,1632,1115,1064,605,559,259,0,0
Not approved,NW13_Northwind Andes,NW13_MAT-100824,MAT-100824,MX100/PL.25 304TL 0.7mm,1.458,ASSY_1,T-70588-D,PRJ-GAMMA-0713,P01_NW13_Northwind Andes,MAT-100824,MX100/PL.25 304TL 0.7mm,0,0,0,0,0,0,0,0,0,0,303,512,596,857,446,505,351,259,108,0,0,0,0,0,0,0,0,0,0,0,0,0,0,0,0,0,0
Not approved,NW13_Northwind Andes,NW13_MAT-100303,MAT-100303,S160/PL.04 304TL 0.5mm,1.056,OVEN_1,T-70166-B,PRJ-DELTA-0410,P01_NW13_Northwind Andes,MAT-100303,S160/PL.04 304TL 0.5mm,0,0,0,0,0,0,0,0,0,0,0,0,0,0,0,0,0,0,0,0,0,0,0,0,0,0,0,0,439,591,510,649,753,460,438,224,100
Not approved,NW02_Northwind Heartland,NW02_MAT-100107,MAT-100107,HT80/PL.08 304TL 0.6mm,1.92,PRESS_6,T-70311-A,PRJ-EPSILON-0706,P01_NW02_Northwind Heartland,MAT-100107,HT80/PL.08 304TL 0.6mm,0,0,0,0,0,0,0,0,0,0,0,0,0,6079,8991,7796,13696,11540,6472,4497,3975,1626,0,0,0,0,0,0,0,0,0,0,0,0,0,0,0
Not approved,NW07_Northwind West Coast,NW07_MAT-101060,MAT-101060,XL420/PL.11 304TL 0.3mm,2.252,PRESS_5,T-70362-A,PRJ-ALPHA-0643,P01_NW07_Northwind West Coast,MAT-101060,XL420/PL.11 304TL 0.3mm,0,0,0,0,0,5516,6321,8067,10267,9803,5756,4491,3759,1434,0,0,0,0,0,0,0,0,0,0,0,0,0,0,0,0,0,0,0,0,0,0,0
Not approved,NW09_Northwind Alpine,NW09_MAT-100656,MAT-100656,MX100/PL.07 304TL 0.4mm,1.425,PRESS_2,T-70209-C,PRJ-DELTA-0592,P01_NW09_Northwind Alpine,MAT-100656,MX100/PL.07 304TL 0.4mm,0,0,0,0,0,0,0,1955,2602,2869,3739,3160,2081,1789,1053,449,0,0,0,0,0,0,0,0,0,0,0,0,0,0,0,0,0,0,0,0,0
Not approved,Missing plant,_,,S140/PL.15 304TL 0.8mm,Missing CT,Missing WC,Missing tool,PRJ-EPSILON-0321,,,,0,0,0,0,0,2675,4258,4339,5323,4271,2776,2413,1785,934,0,0,0,0,0,0,0,0,0,0,0,0,0,0,0,0,0,0,0,0,0,0,0
Not approved,NW12_Northwind Cerrado,NW12_MAT-100409,MAT-100409,S120/PL.10 304TL 0.7mm,1.249,PRESS_1,T-70538-D,PRJ-EPSILON-0706,P01_NW12_Northwind Cerrado,MAT-100409,S120/PL.10 304TL 0.7mm,0,0,0,0,0,1821,2324,2838,2774,3140,2449,1558,1263,528,0,0,0,0,0,0,0,0,0,0,0,0,0,0,0,0,0,0,0,0,0,0,0
Not approved,NW11_Northwind Levant,NW11_MAT-100491,MAT-100491,HT80/PL.42 304TL 0.5mm,2.019,PRESS_4,T-70495-D,PRJ-EPSILON-0273,P01_NW11_Northwind Levant,MAT-100491,HT80/PL.42 304TL 0.5mm,0,0,0,0,0,0,0,0,0,0,0,0,0,6470,8100,8443,8460,9677,7320,4692,4214,2046,0,0,0,0,0,0,0,0,0,0,0,0,0,0,0
Not approved,NW02_Northwind Heartland,NW02_MAT-101149,MAT-101149,MX200/PL.50 304TL 0.7mm,1.406,PRESS_2,T-70366-B,PRJ-DELTA-0180,P01_NW02_Northwind Heartland,MAT-101149,MX200/PL.50 304TL 0.7mm,0,0,0,0,0,0,0,0,0,0,0,0,0,0,0,0,0,3723,5625,9391,9131,8743,7344,4524,2741,1806,0,0,0,0,0,0,0,0,0,0,0
Not approved,NW02_Northwind Heartland,NW02_MAT-101248,MAT-101248,S62/PL.49 304TL 0.6mm,1.206,EXTRUSION_1,T-70339-D,PRJ-ALPHA-0413,P01_NW02_Northwind Heartland,MAT-101248,S62/PL.49 304TL 0.6mm,0,0,0,0,0,0,0,0,0,0,0,0,0,0,0,0,0,0,0,0,0,1050,1533,1791,1585,1500,1241,1023,559,364,0,0,0,0,0,0,0
Not approved,NW02_Northwind Heartland,NW02_MAT-100176,MAT-100176,MX100/PL.27 304TL 0.4mm,1.315,EXTRUSION_1,T-70295-D,PRJ-BETA-0425,P01_NW02_Northwind Heartland,MAT-100176,MX100/PL.27 304TL 0.4mm,0,0,0,0,0,0,0,0,0,0,2631,3992,4722,5643,5117,3369,3240,1590,933,0,0,0,0,0,0,0,0,0,0,0,0,0,0,0,0,0,0
Not approved,NW06_Northwind Southeast,NW06_MAT-101120,MAT-101120,XL420/PL.21 304TL 0.5mm,2.468,PRESS_4,T-70566-A,PRJ-DELTA-0037,P01_NW06_Northwind Southeast,MAT-101120,XL420/PL.21 304TL 0.5mm,0,0,0,0,0,0,0,0,0,0,0,0,0,0,0,0,0,4292,4188,5598,6522,6153,3914,3205,2532,1290,0,0,0,0,0,0,0,0,0,0,0
Not approved,NW08_Northwind Iberia,NW08_MAT-101414,MAT-101414,MX250/PL.15 304TL 0.6mm,1.187,ASSY_1,T-70447-A,PRJ-OMEGA-0139,P01_NW08_Northwind Iberia,MAT-101414,MX250/PL.15 304TL 0.6mm,0,0,0,0,0,0,0,2894,4537,4027,6096,5710,3310,2819,2085,858,0,0,0,0,0,0,0,0,0,0,0,0,0,0,0,0,0,0,0,0,0
Not approved,NW13_Northwind Andes,NW13_MAT-101168,MAT-101168,XL420/PL.19 304TL 0.4mm,2.208,PRESS_4,T-70577-C,PRJ-ALPHA-0217,P01_NW13_Northwind Andes,MAT-101168,XL420/PL.19 304TL 0.4mm,0,0,0,0,0,0,0,0,0,0,0,0,0,0,0,0,0,612,745,704,818,717,761,576,394,129,0,0,0,0,0,0,0,0,0,0,0
Not approved,NW10_Northwind Baltics,NW10_MAT-100775,MAT-100775,PRO-12X/PL.26 304TL 0.5mm,1.545,PRESS_3,T-70040-A,PRJ-BETA-0143,P01_NW10_Northwind Baltics,MAT-100775,PRO-12X/PL.26 304TL 0.5mm,0,0,4372,5359,7542,8538,8860,7946,6492,3256,2150,0,0,0,0,0,0,0,0,0,0,0,0,0,0,0,0,0,0,0,0,0,0,0,0,0,0
Not approved,NW07_Northwind West Coast,NW07_MAT-100790,MAT-100790,MX250/PL.41 304TL 0.6mm,1.136,EXTRUSION_1,T-70678-B,PRJ-BETA-0549,P01_NW07_Northwind West Coast,MAT-100790,MX250/PL.41 304TL 0.6mm,0,0,494,482,779,1120,913,689,533,291,137,0,0,0,0,0,0,0,0,0,0,0,0,0,0,0,0,0,0,0,0,0,0,0,0,0,0
Not approved,NW12_Northwind Cerrado,NW12_MAT-100806,MAT-100806,S140/PL.07 304TL 0.5mm,1.32,PRESS_2,T-70267-A,PRJ-OMEGA-0161,P01_NW12_Northwind Cerrado,MAT-100806,S140/PL.07 304TL 0.5mm,0,4468,6517,8445,6291,5138,3147,2818,1242,0,0,0,0,0,0,0,0,0,0,0,0,0,0,0,0,0,0,0,0,0,0,0,0,0,0,0,0
Not approved,NW08_Northwind Iberia,NW08_MAT-100496,MAT-100496,XL420/PL.47 304TL 0.5mm,1.76,PRESS_4,T-70122-B,PRJ-ALPHA-0049,P01_NW08_Northwind Iberia,MAT-100496,XL420/PL.47 304TL 0.5mm,0,0,0,0,0,0,0,0,0,0,0,0,0,0,3600,6353,7838,8326,7648,6524,3618,2363,1765,0,0,0,0,0,0,0,0,0,0,0,0,0,0
Not approved,NW03_Northwind Carpathia,NW03_MAT-100110,MAT-100110,S140/PL.11 304TL 0.8mm,1.631,PRES_7_1,T-70668-C,PRJ-DELTA-0163,P01_NW03_Northwind Carpathia,MAT-100110,S140/PL.11 304TL 0.8mm,0,0,0,0,0,0,0,1947,3334,4070,5689,3975,3103,2523,2138,655,0,0,0,0,0,0,0,0,0,0,0,0,0,0,0,0,0,0,0,0,0
Not approved,NW15_Northwind Indochina,NW15_MAT-100281,MAT-100281,XL520/PL.32 304TL 0.5mm,2.504,PRESS_4,T-70270-D,PRJ-BETA-0213,P01_NW15_Northwind Indochina,MAT-100281,XL520/PL.32 304TL 0.5mm,0,0,0,0,0,0,0,0,0,0,0,0,0,0,5610,5908,9588,8775,6033,7525,5466,3600,1362,0,0,0,0,0,0,0,0,0,0,0,0,0,0
Not approved,NW09_Northwind Alpine,NW09_MAT-100654,MAT-100654,PRO-9X/PL.05 304TL 0.6mm,1.264,PRESS_1,T-70628-D,PRJ-EPSILON-0572,P01_NW09_Northwind Alpine,MAT-100654,PRO-9X/PL.05 304TL 0.6mm,0,0,0,0,0,0,0,0,0,0,0,0,0,0,0,0,0,0,0,0,0,0,0,0,0,0,0,0,497,480,536,831,813,663,442,264,168
Not approved,NW14_Northwind Oceania,NW14_MAT-100570,MAT-100570,PRO-9X/PL.21 304TL 0.7mm,1.881,PRESS_1,T-70101-A,PRJ-ALPHA-0511,P01_NW14_Northwind Oceania,MAT-100570,PRO-9X/PL.21 304TL 0.7mm,0,0,0,772,808,1179,1552,1433,1065,758,374,288,0,0,0,0,0,0,0,0,0,0,0,0,0,0,0,0,0,0,0,0,0,0,0,0,0
Not approved,NW04_Northwind Southbay,NW04_MAT-100223,MAT-100223,PRO-12X/PL.24 304TL 0.5mm,1.823,PRESS_3,T-70457-C,PRJ-OMEGA-0109,P01_NW04_Northwind Southbay,MAT-100223,PRO-12X/PL.24 304TL 0.5mm,0,0,0,0,0,0,0,0,4695,5934,6766,8175,7265,5918,5130,2642,1385,0,0,0,0,0,0,0,0,0,0,0,0,0,0,0,0,0,0,0,0
Not approved,NW09_Northwind Alpine,NW09_MAT-100072,MAT-100072,S62/PL.23 304TL 0.6mm,1.1,GRINDING_1,T-70541-C,PRJ-BETA-0239,P01_NW09_Northwind Alpine,MAT-100072,S62/PL.23 304TL 0.6mm,0,0,0,0,0,0,0,0,0,0,0,0,0,0,0,1216,2547,2982,2547,2124,2622,1226,806,642,0,0,0,0,0,0,0,0,0,0,0,0,0
Not approved,NW12_Northwind Cerrado,NW12_MAT-100142,MAT-100142,MX250/PL.43 304TL 0.3mm,1.187,PRESS_3,T-70699-B,PRJ-OMEGA-0115,P01_NW12_Northwind Cerrado,MAT-100142,MX250/PL.43 304TL 0.3mm,0,0,0,1256,1994,3166,3167,2144,1910,1910,1049,531,0,0,0,0,0,0,0,0,0,0,0,0,0,0,0,0,0,0,0,0,0,0,0,0,0
Not approved,NW12_Northwind Cerrado,NW12_MAT-100671,MAT-100671,HT80/PL.22 304TL 0.4mm,1.667,PRESS_1,T-70283-D,PRJ-BETA-0090,P01_NW12_Northwind Cerrado,MAT-100671,HT80/PL.22 304TL 0.4mm,0,0,0,0,0,0,3379,4445,8593,7738,7699,4550,4564,2704,1665,0,0,0,0,0,0,0,0,0,0,0,0,0,0,0,0,0,0,0,0,0,0
Not approved,NW01_Northwind Midwest,NW01_MAT-100708,MAT-100708,S62/PL.09 304TL 0.5mm,1.341,PRESS_6,T-70115-C,PRJ-GAMMA-0244,P01_NW01_Northwind Midwest,MAT-100708,S62/PL.09 304TL 0.5mm,0,0,0,0,0,0,0,0,0,0,0,0,0,0,0,0,0,0,0,0,0,1702,2544,2535,2750,2591,2382,1919,1372,642,0,0,0,0,0,0,0
Not approved,NW09_Northwind Alpine,NW09_MAT-101086,MAT-101086,PRO-9X/PL.37 304TL 0.5mm,1.232,PRESS_4,T-70632-A,PRJ-BETA-0506,P01_NW09_Northwind Alpine,MAT-101086,PRO-9X/PL.37 304TL 0.5mm,0,0,0,0,0,0,0,0,0,0,0,0,0,0,0,0,0,0,0,0,0,0,0,0,0,0,0,2326,2971,4454,6975,5132,3227,2338,2379,878,0
Not approved,NW15_Northwind Indochina,NW15_MAT-100418,MAT-100418,MX250/PL.19 304TL 0.6mm,1.484,EXTRUSION_1,T-70368-A,PRJ-BETA-0354,P01_NW15_Northwind Indochina,MAT-100418,MX250/PL.19 304TL 0.6mm,0,0,0,0,0,0,417,498,836,742,665,428,316,285,139,0,0,0,0,0,0,0,0,0,0,0,0,0,0,0,0,0,0,0,0,0,0
Not approved,NW11_Northwind Levant,NW11_MAT-101166,MAT-101166,S140/PL.17 304TL 0.8mm,1.542,GRINDING_1,T-70649-D,PRJ-EPSILON-0642,P01_NW11_Northwind Levant,MAT-101166,S140/PL.17 304TL 0.8mm,0,0,0,0,0,0,0,2217,2244,3864,3863,3050,3361,2559,1471,884,0,0,0,0,0,0,0,0,0,0,0,0,0,0,0,0,0,0,0,0,0
Not approved,NW13_Northwind Andes,NW13_MAT-101258,MAT-101258,MX250/PL.09 304TL 0.8mm,1.378,PRESS_3,T-70164-B,PRJ-EPSILON-0320,P01_NW13_Northwind Andes,MAT-101258,MX250/PL.09 304TL 0.8mm,0,0,0,0,0,0,0,0,0,0,0,0,0,0,0,0,0,0,0,0,0,0,0,0,0,0,0,907,1258,2259,2863,1984,1163,1389,699,304,0
Not approved,NW04_Northwind Southbay,NW04_MAT-100119,MAT-100119,HT80/PL.20 304TL 0.4mm,1.881,PRESS_4,T-70122-B,PRJ-BETA-0061,P01_NW04_Northwind Southbay,MAT-100119,HT80/PL.20 304TL 0.4mm,0,0,0,0,0,0,0,0,0,0,0,0,0,2473,3109,3964,3861,3615,2701,1928,1042,789,0,0,0,0,0,0,0,0,0,0,0,0,0,0,0
Not approved,Missing plant,_,,HT80/PL.28 304TL 0.4mm,Missing CT,Missing WC,Missing tool,PRJ-EPSILON-0525,,,,0,0,0,0,0,0,0,0,0,0,0,0,0,0,0,0,0,0,274,278,463,535,493,329,288,210,68,0,0,0,0,0,0,0,0,0,0
Not approved,NW13_Northwind Andes,NW13_MAT-100007,MAT-100007,PRO-12X/PL.08 304TL 0.4mm,1.58,PRESS_1,T-70178-D,PRJ-OMEGA-0449,P01_NW13_Northwind Andes,MAT-100007,PRO-12X/PL.08 304TL 0.4mm,0,0,0,5671,7177,10926,12246,9537,7136,6320,2935,1998,0,0,0,0,0,0,0,0,0,0,0,0,0,0,0,0,0,0,0,0,0,0,0,0,0
Not approved,NW12_Northwind Cerrado,NW12_MAT-101204,MAT-101204,XL420/PL.05 304TL 0.6mm,2.414,PRESS_1,T-70427-B,PRJ-ALPHA-0158,P01_NW12_Northwind Cerrado,MAT-101204,XL420/PL.05 304TL 0.6mm,0,0,0,0,0,0,0,0,0,0,0,0,5930,5896,8758,10530,10787,8250,6127,4544,1480,0,0,0,0,0,0,0,0,0,0,0,0,0,0,0,0
Not approved,NW15_Northwind Indochina,NW15_MAT-101330,MAT-101330,MX250/PL.31 304TL 0.4mm,1.288,OVEN_1,T-70463-A,PRJ-BETA-0553,P01_NW15_Northwind Indochina,MAT-101330,MX250/PL.31 304TL 0.4mm,0,0,0,0,0,0,0,0,0,0,0,0,0,0,0,0,0,0,0,3755,6073,6897,10984,8603,7252,4288,2818,1387,0,0,0,0,0,0,0,0,0
Not approved,NW11_Northwind Levant,NW11_MAT-101486,MAT-101486,MX250/PL.37 304TL 0.5mm,1.34,PRESS_2,T-70554-B,PRJ-BETA-0213,P01_NW11_Northwind Levant,MAT-101486,MX250/PL.37 304TL 0.5mm,0,1031,1494,1604,2538,1979,1772,1339,755,284,0,0,0,0,0,0,0,0,0,0,0,0,0,0,0,0,0,0,0,0,0,0,0,0,0,0,0
Not approved,NW01_Northwind Midwest,NW01_MAT-101168,MAT-101168,XL420/PL.19 304TL 0.4mm,2.646,PRESS_6,T-70354-A,PRJ-GAMMA-0001,P01_NW01_Northwind Midwest,MAT-101168,XL420/PL.19 304TL 0.4mm,0,0,0,0,0,0,0,0,0,0,0,0,0,0,0,0,0,0,0,0,0,0,0,0,4522,8523,8379,13186,8771,6972,5215,3142,1692,0,0,0,0
Not approved,NW15_Northwind Indochina,NW15_MAT-100135,MAT-100135,S160/PL.36 304TL 0.5mm,1.713,ASSY_1,T-70101-A,PRJ-OMEGA-0394,P01_NW15_Northwind Indochina,MAT-100135,S160/PL.36 304TL 0.5mm,0,0,0,0,0,0,0,0,0,0,0,0,0,0,0,0,0,0,0,0,0,0,0,0,0,0,0,4020,5544,6708,7681,8915,5766,4532,3558,1664,0
Not approved,NW08_Northwind Iberia,NW08_MAT-100502,MAT-100502,MX250/PL.03 304TL 0.5mm,1.371,PRESS_2,T-70320-C,PRJ-ALPHA-0626,P01_NW08_Northwind Iberia,MAT-100502,MX250/PL.03 304TL 0.5mm,0,0,811,885,1117,1536,1509,912,893,525,216,0,0,0,0,0,0,0,0,0,0,0,0,0,0,0,0,0,0,0,0,0,0,0,0,0,0
Not approved,NW03_Northwind Carpathia,NW03_MAT-101443,MAT-101443,S160/PL.44 304TL 0.5mm,1.372,PRES_8_1,T-70485-C,PRJ-BETA-0077,P01_NW03_Northwind Carpathia,MAT-101443,S160/PL.44 304TL 0.5mm,0,0,0,0,0,0,0,0,0,0,0,0,0,4715,8651,8260,12808,10421,7826,6524,3984,2334,0,0,0,0,0,0,0,0,0,0,0,0,0,0,0
Not approved,NW02_Northwind Heartland,NW02_MAT-100213,MAT-100213,MX200/PL.14 304TL 0.6mm,1.464,LATHE_1,T-70184-B,PRJ-BETA-0674,P01_NW02_Northwind Heartland,MAT-100213,MX200/PL.14 304TL 0.6mm,0,0,0,0,0,0,0,0,0,0,0,0,0,0,0,0,0,0,0,0,0,4646,7485,6904,11200,8198,6579,5332,2556,1201,0,0,0,0,0,0,0
Not approved,NW09_Northwind Alpine,NW09_MAT-101099,MAT-101099,PRO-12X/PL.50 304TL 0.3mm,1.512,GRINDING_1,T-70215-D,PRJ-OMEGA-0540,P01_NW09_Northwind Alpine,MAT-101099,PRO-12X/PL.50 304TL 0.3mm,0,0,0,0,0,0,0,4049,6126,7694,7216,7332,5901,2841,2412,1304,0,0,0,0,0,0,0,0,0,0,0,0,0,0,0,0,0,0,0,0,0
Not approved,NW10_Northwind Baltics,NW10_MAT-101187,MAT-101187,HT80/PL.38 304TL 0.8mm,1.391,PRESS_4,T-70132-D,PRJ-DELTA-0275,P01_NW10_Northwind Baltics,MAT-101187,HT80/PL.38 304TL 0.8mm,0,0,0,0,0,0,0,0,0,0,4811,5836,8810,7492,6712,7448,4102,3413,1459,0,0,0,0,0,0,0,0,0,0,0,0,0,0,0,0,0,0
Not approved,NW04_Northwind Southbay,NW04_MAT-100043,MAT-100043,PRO-12X/PL.44 304TL 0.5mm,1.707,PRESS_1,T-70193-B,PRJ-DELTA-0704,P01_NW04_Northwind Southbay,MAT-100043,PRO-12X/PL.44 304TL 0.5mm,0,0,0,0,0,0,0,0,0,0,0,0,0,0,0,0,0,0,0,0,2517,3158,4910,4630,5336,3754,2735,2158,1101,0,0,0,0,0,0,0,0
Not approved,NW15_Northwind Indochina,NW15_MAT-101198,MAT-101198,MX250/PL.49 304TL 0.7mm,1.199,OVEN_1,T-70594-C,PRJ-OMEGA-0069,P01_NW15_Northwind Indochina,MAT-101198,MX250/PL.49 304TL 0.7mm,0,0,0,0,0,0,0,0,0,0,0,0,0,1714,2128,3179,3441,2403,2125,1241,897,602,0,0,0,0,0,0,0,0,0,0,0,0,0,0,0
Not approved,NW07_Northwind West Coast,NW07_MAT-101428,MAT-101428,S62/PL.29 304TL 0.3mm,1.247,EXTRUSION_1,T-70645-C,PRJ-EPSILON-0615,P01_NW07_Northwind West Coast,MAT-101428,S62/PL.29 304TL 0.3mm,0,0,0,1764,1995,3113,2777,2415,2461,1647,1163,657,0,0,0,0,0,0,0,0,0,0,0,0,0,0,0,0,0,0,0,0,0,0,0,0,0
Not approved,NW07_Northwind West Coast,NW07_MAT-100496,MAT-100496,XL420/PL.47 304TL 0.5mm,2.444,PRESS_5,T-70652-C,PRJ-GAMMA-0343,P01_NW07_Northwind West Coast,MAT-100496,XL420/PL.47 304TL 0.5mm,0,0,0,0,0,0,0,0,0,0,0,0,0,0,0,0,0,0,0,0,0,0,0,0,0,0,0,0,0,5206,6862,5352,9422,5505,4580,4350,2257
Not approved,NW13_Northwind Andes,NW13_MAT-101013,MAT-101013,XL520/PL.14 304TL 0.6mm,2.14,PRESS_4,T-70210-B,PRJ-BETA-0499,P01_NW13_Northwind Andes,MAT-101013,XL520/PL.14 304TL 0.6mm,0,0,0,0,0,0,0,0,5808,6831,7520,12326,7590,5209,4022,4194,1814,0,0,0,0,0,0,0,0,0,0,0,0,0,0,0,0,0,0,0,0
Not approved,NW06_Northwind Southeast,NW06_MAT-100734,MAT-100734,S140/PL.35 304TL 0.6mm,1.363,PRESS_2,T-70063-D,PRJ-ALPHA-0380,P01_NW06_Northwind Southeast,MAT-100734,S140/PL.35 304TL 0.6mm,0,0,0,0,0,0,0,0,0,0,0,0,0,0,0,0,0,0,0,0,0,0,0,0,0,0,0,0,0,0,1202,1496,1712,1679,1487,1180,1111
Not approved,NW15_Northwind Indochina,NW15_MAT-100240,MAT-100240,S62/PL.41 304TL 0.8mm,1.352,ASSY_1,T-70306-C,PRJ-ALPHA-0379,P01_NW15_Northwind Indochina,MAT-100240,S62/PL.41 304TL 0.8mm,0,0,0,0,0,0,1972,3341,4224,4366,4786,2717,2583,1551,701,0,0,0,0,0,0,0,0,0,0,0,0,0,0,0,0,0,0,0,0,0,0
Not approved,Missing plant,_,,HT80/PL.40 304TL 0.4mm,Missing CT,Missing WC,Missing tool,PRJ-EPSILON-0700,,,,0,0,0,0,0,0,0,0,0,0,0,0,0,0,0,0,0,0,907,1172,1679,1931,1448,1017,915,534,270,0,0,0,0,0,0,0,0,0,0
Not approved,NW02_Northwind Heartland,NW02_MAT-100077,MAT-100077,XL520/PL.28 304TL 0.4mm,1.981,PRESS_6,T-70196-A,PRJ-ALPHA-0698,P01_NW02_Northwind Heartland,MAT-100077,XL520/PL.28 304TL 0.4mm,0,0,0,0,0,0,0,0,0,0,0,0,0,0,0,0,0,0,0,0,0,0,0,0,0,0,0,0,635,671,862,1396,944,968,664,409,220
Not approved,NW01_Northwind Midwest,NW01_MAT-100514,MAT-100514,MX250/PL.15 304TL 0.4mm,1.154,PRESS_4,T-70546-B,PRJ-BETA-0636,P01_NW01_Northwind Midwest,MAT-100514,MX250/PL.15 304TL 0.4mm,0,0,0,0,5153,4661,6208,8933,8201,5720,4337,3103,1690,0,0,0,0,0,0,0,0,0,0,0,0,0,0,0,0,0,0,0,0,0,0,0,0
Not approved,NW14_Northwind Oceania,NW14_MAT-100866,MAT-100866,S140/PL.17 304TL 0.4mm,1.335,ASSY_1,T-70157-C,PRJ-EPSILON-0693,P01_NW14_Northwind Oceania,MAT-100866,S140/PL.17 304TL 0.4mm,0,0,0,0,0,0,0,0,2741,4015,5038,4805,4827,4918,3541,2162,898,0,0,0,0,0,0,0,0,0,0,0,0,0,0,0,0,0,0,0,0
Not approved,NW07_Northwind West Coast,NW07_MAT-100589,MAT-100589,S120/PL.40 304TL 0.5mm,1.128,ASSY_1,T-70620-C,PRJ-BETA-0317,P01_NW07_Northwind West Coast,MAT-100589,S120/PL.40 304TL 0.5mm,0,0,0,0,0,0,0,0,0,2589,2824,3906,3919,3662,2195,1999,1731,832,0,0,0,0,0,0,0,0,0,0,0,0,0,0,0,0,0,0,0
Not approved,NW03_Northwind Carpathia,NW03_MAT-100345,MAT-100345,MX200/PL.46 304TL 0.6mm,1.221,EXTRUSION_1,T-70003-C,PRJ-BETA-0090,P01_NW03_Northwind Carpathia,MAT-100345,MX200/PL.46 304TL 0.6mm,0,0,0,0,0,0,0,0,0,0,0,0,0,0,0,0,0,0,0,0,0,0,0,0,0,0,4211,7098,7039,10833,10017,8107,5585,2576,1621,0,0
Not approved,NW06_Northwind Southeast,NW06_MAT-101299,MAT-101299,S160/PL.50 304TL 0.6mm,1.14,PRESS_1,T-70628-D,PRJ-ALPHA-0189,P01_NW06_Northwind Southeast,MAT-101299,S160/PL.50 304TL 0.6mm,0,0,0,0,0,0,0,0,0,454,460,582,973,777,505,424,329,146,0,0,0,0,0,0,0,0,0,0,0,0,0,0,0,0,0,0,0
Not approved,NW15_Northwind Indochina,NW15_MAT-100861,MAT-100861,MX200/PL.12 304TL 0.7mm,1.314,GRINDING_1,T-70070-B,PRJ-DELTA-0255,P01_NW15_Northwind Indochina,MAT-100861,MX200/PL.12 304TL 0.7mm,0,0,0,0,0,0,0,0,0,0,1351,1184,1830,2266,1618,1853,1324,569,310,0,0,0,0,0,0,0,0,0,0,0,0,0,0,0,0,0,0
Not approved,NW09_Northwind Alpine,NW09_MAT-100028,MAT-100028,XL420/PL.29 304TL 0.8mm,2.582,PRESS_4,T-70363-D,PRJ-OMEGA-0048,P01_NW09_Northwind Alpine,MAT-100028,XL420/PL.29 304TL 0.8mm,0,0,0,0,0,0,0,0,0,0,0,0,0,0,0,0,0,0,0,0,0,713,948,1738,1500,1545,1447,693,555,246,0,0,0,0,0,0,0
Not approved,NW12_Northwind Cerrado,NW12_MAT-100798,MAT-100798,PRO-9X/PL.49 304TL 0.5mm,1.61,PRESS_2,T-70181-B,PRJ-ALPHA-0054,P01_NW12_Northwind Cerrado,MAT-100798,PRO-9X/PL.49 304TL 0.5mm,0,0,0,0,0,0,0,0,0,0,0,0,0,0,0,1013,1528,1521,2253,1789,1263,1049,851,319,0,0,0,0,0,0,0,0,0,0,0,0,0
Not approved,NW14_Northwind Oceania,NW14_MAT-100475,MAT-100475,PRO-12X/PL.26 304TL 0.6mm,1.764,PRESS_2,T-70511-A,PRJ-BETA-0553,P01_NW14_Northwind Oceania,MAT-100475,PRO-12X/PL.26 304TL 0.6mm,0,0,0,0,0,0,0,0,0,0,0,0,0,0,0,0,0,0,0,0,0,0,0,0,0,0,0,0,0,264,313,550,422,368,398,213,165
Not approved,NW15_Northwind Indochina,NW15_MAT-100744,MAT-100744,S62/PL.45 304TL 0.3mm,0.975,PRESS_4,T-70078-C,PRJ-GAMMA-0507,P01_NW15_Northwind Indochina,MAT-100744,S62/PL.45 304TL 0.3mm,0,0,0,0,0,0,0,0,0,0,0,1291,1461,2549,3294,2687,1675,1285,976,550,0,0,0,0,0,0,0,0,0,0,0,0,0,0,0,0,0
Not approved,Missing plant,_,,MX250/PL.11 304TL 0.7mm,Missing CT,Missing WC,Missing tool,PRJ-DELTA-0335,,,,0,0,0,0,0,0,0,0,0,0,0,0,0,0,4112,4837,7832,11003,8021,6756,5638,2593,1505,0,0,0,0,0,0,0,0,0,0,0,0,0,0
Not approved,NW10_Northwind Baltics,NW10_MAT-101131,MAT-101131,S160/PL.32 304TL 0.7mm,1.041,PRESS_3,T-70453-B,PRJ-EPSILON-0336,P01_NW10_Northwind Baltics,MAT-101131,S160/PL.32 304TL 0.7mm,0,0,2683,4599,5721,6557,4382,4605,3860,2450,1234,0,0,0,0,0,0,0,0,0,0,0,0,0,0,0,0,0,0,0,0,0,0,0,0,0,0
Not approved,NW13_Northwind Andes,NW13_MAT-100923,MAT-100923,HT80/PL.24 304TL 0.4mm,1.427,PRESS_4,T-70406-B,PRJ-OMEGA-0339,P01_NW13_Northwind Andes,MAT-100923,HT80/PL.24 304TL 0.4mm,0,804,1163,1661,2491,1935,1002,929,673,264,0,0,0,0,0,0,0,0,0,0,0,0,0,0,0,0,0,0,0,0,0,0,0,0,0,0,0
Not approved,NW08_Northwind Iberia,NW08_MAT-100952,MAT-100952,XL420/PL.03 304TL 0.6mm,1.767,PRESS_4,T-70333-B,PRJ-DELTA-0389,P01_NW08_Northwind Iberia,MAT-100952,XL420/PL.03 304TL 0.6mm,0,0,0,0,0,0,0,0,0,0,0,0,0,0,1678,1618,2280,3082,1925,1824,1552,820,383,0,0,0,0,0,0,0,0,0,0,0,0,0,0
Not approved,NW12_Northwind Cerrado,NW12_MAT-100164,MAT-100164,MX100/PL.15 304TL 0.6mm,1.104,PRESS_2,T-70575-B,PRJ-EPSILON-0329,P01_NW12_Northwind Cerrado,MAT-100164,MX100/PL.15 304TL 0.6mm,0,0,0,0,0,0,0,0,0,0,0,0,0,0,0,0,0,0,0,0,0,0,3431,5460,5179,7569,5958,4662,4784,1991,1260,0,0,0,0,0,0
Not approved,NW11_Northwind Levant,NW11_MAT-100194,MAT-100194,S140/PL.45 304TL 0.6mm,1.432,ASSY_1,T-70439-C,PRJ-ALPHA-0600,P01_NW11_Northwind Levant,MAT-100194,S140/PL.45 304TL 0.6mm,0,0,0,0,0,0,0,0,0,0,0,0,0,0,0,0,0,0,0,0,0,0,0,502,792,1261,1434,954,1006,684,506,215,0,0,0,0,0
Not approved,NW02_Northwind Heartland,NW02_MAT-100841,MAT-100841,S120/PL.42 304TL 0.3mm,1.074,PRESS_6,T-70679-B,PRJ-OMEGA-0121,P01_NW02_Northwind Heartland,MAT-100841,S120/PL.42 304TL 0.3mm,0,0,0,0,0,0,0,0,0,0,0,0,0,0,0,0,0,0,0,3751,5991,8437,6228,7619,4123,4734,2533,1633,0,0,0,0,0,0,0,0,0
Not approved,NW15_Northwind Indochina,NW15_MAT-101252,MAT-101252,XL420/PL.03 304TL 0.5mm,2.351,PRESS_5,T-70506-D,PRJ-BETA-0378,P01_NW15_Northwind Indochina,MAT-101252,XL420/PL.03 304TL 0.5mm,0,0,0,0,0,0,0,0,0,0,0,0,0,0,3746,4242,6136,9130,6560,6414,4588,2584,1381,0,0,0,0,0,0,0,0,0,0,0,0,0,0
Not approved,NW06_Northwind Southeast,NW06_MAT-100643,MAT-100643,PRO-12X/PL.44 304TL 0.5mm,1.418,PRESS_3,T-70367-C,PRJ-DELTA-0627,P01_NW06_Northwind Southeast,MAT-100643,PRO-12X/PL.44 304TL 0.5mm,0,0,0,0,0,0,0,0,0,0,0,0,0,0,0,0,0,0,0,0,0,0,0,0,0,0,0,0,0,0,6428,7707,8673,13685,9174,6914,4942
Not approved,NW14_Northwind Oceania,NW14_MAT-100917,MAT-100917,XL520/PL.18 304TL 0.5mm,1.844,PRESS_2,T-70045-D,PRJ-ALPHA-0174,P01_NW14_Northwind Oceania,MAT-100917,XL520/PL.18 304TL 0.5mm,0,0,0,0,0,0,0,0,0,0,0,0,0,0,0,0,0,0,0,0,638,1250,1425,1668,1385,1389,1000,609,316,0,0,0,0,0,0,0,0
Not approved,NW01_Northwind Midwest,NW01_MAT-101318,MAT-101318,MX250/PL.19 304TL 0.7mm,1.41,PRESS_4,T-70417-D,PRJ-OMEGA-0418,P01_NW01_Northwind Midwest,MAT-101318,MX250/PL.19 304TL 0.7mm,0,0,0,0,0,0,0,0,0,0,0,0,742,1045,949,1552,1061,1077,707,458,269,0,0,0,0,0,0,0,0,0,0,0,0,0,0,0,0
Not approved,NW07_Northwind West Coast,NW07_MAT-100000,MAT-100000,S62/PL.01 304TL 0.5mm,1.355,PRESS_4,T-70489-C,PRJ-BETA-0574,P01_NW07_Northwind West Coast,MAT-100000,S62/PL.01 304TL 0.5mm,0,0,0,0,0,0,0,0,0,0,0,0,0,0,0,0,0,0,0,0,0,0,0,0,0,0,0,0,4781,4399,8227,9265,5801,5899,4661,3094,1269
Not approved,NW03_Northwind Carpathia,NW03_MAT-100664,MAT-100664,XL420/PL.15 304TL 0.3mm,2.258,PRES_8_1,T-70495-D,PRJ-ALPHA-0128,P01_NW03_Northwind Carpathia,MAT-100664,XL420/PL.15 304TL 0.3mm,0,0,0,0,0,0,0,562,629,858,1208,867,625,592,320,196,0,0,0,0,0,0,0,0,0,0,0,0,0,0,0,0,0,0,0,0,0
Not approved,NW15_Northwind Indochina,NW15_MAT-101175,MAT-101175,HT80/PL.26 304TL 0.6mm,1.806,PRESS_4,T-70683-C,PRJ-ALPHA-0381,P01_NW15_Northwind Indochina,MAT-101175,HT80/PL.26 304TL 0.6mm,0,0,0,0,0,0,0,0,0,0,0,0,0,0,0,0,0,0,396,598,647,669,800,548,445,313,117,0,0,0,0,0,0,0,0,0,0
Not approved,NW13_Northwind Andes,NW13_MAT-101494,MAT-101494,PRO-9X/PL.45 304TL 0.4mm,1.361,OVEN_1,T-70572-A,PRJ-BETA-0310,P01_NW13_Northwind Andes,MAT-101494,PRO-9X/PL.45 304TL 0.4mm,0,0,0,2174,2575,2496,2915,3336,2655,1552,945,752,0,0,0,0,0,0,0,0,0,0,0,0,0,0,0,0,0,0,0,0,0,0,0,0,0
Not approved,NW07_Northwind West Coast,NW07_MAT-101463,MAT-101463,HT80/PL.14 304TL 0.6mm,1.445,PRESS_4,T-70363-D,PRJ-DELTA-0480,P01_NW07_Northwind West Coast,MAT-101463,HT80/PL.14 304TL 0.6mm,0,285,425,395,392,257,209,143,65,0,0,0,0,0,0,0,0,0,0,0,0,0,0,0,0,0,0,0,0,0,0,0,0,0,0,0,0
Not approved,NW04_Northwind Southbay,NW04_MAT-100396,MAT-100396,S62/PL.47 304TL 0.4mm,1.091,ASSY_1,T-70631-B,PRJ-DELTA-0210,P01_NW04_Northwind Southbay,MAT-100396,S62/PL.47 304TL 0.4mm,0,0,0,0,0,0,0,0,0,0,0,0,0,0,0,0,0,0,0,0,0,3663,3780,6626,7094,6168,3969,3772,2097,887,0,0,0,0,0,0,0
Not approved,Missing plant,_,,PRO-12X/PL.12 304TL 0.6mm,Missing CT,Missing WC,Missing tool,PRJ-DELTA-0598,,,,0,0,0,0,0,0,0,0,0,0,0,0,0,0,0,0,0,1037,1047,1584,1363,1222,971,974,540,243,0,0,0,0,0,0,0,0,0,0,0
Not approved,NW07_Northwind West Coast,NW07_MAT-100697,MAT-100697,S120/PL.48 304TL 0.7mm,1.448,PRESS_2,T-70458-A,PRJ-GAMMA-0318,P01_NW07_Northwind West Coast,MAT-100697,S120/PL.48 304TL 0.7mm,0,0,0,0,0,0,0,0,0,0,0,0,0,0,0,0,0,0,0,0,3407,5415,6820,5964,5857,4627,3163,1979,979,0,0,0,0,0,0,0,0
Not approved,NW01_Northwind Midwest,NW01_MAT-100051,MAT-100051,S160/PL.02 304TL 0.4mm,1.591,ASSY_1,T-70039-B,PRJ-ALPHA-0252,P01_NW01_Northwind Midwest,MAT-100051,S160/PL.02 304TL 0.4mm,0,0,0,0,0,0,0,0,0,0,0,0,0,0,0,0,0,0,218,285,351,508,467,309,312,137,91,0,0,0,0,0,0,0,0,0,0
Not approved,NW12_Northwind Cerrado,NW12_MAT-101222,MAT-101222,MX250/PL.23 304TL 0.7mm,1.134,GRINDING_1,T-70501-A,PRJ-BETA-0071,P01_NW12_Northwind Cerrado,MAT-101222,MX250/PL.23 304TL 0.7mm,0,0,0,0,0,0,0,0,0,0,0,0,0,0,0,0,0,0,0,0,0,0,843,761,995,1485,1129,853,563,499,226,0,0,0,0,0,0
Not approved,NW07_Northwind West Coast,NW07_MAT-101395,MAT-101395,S160/PL.46 304TL 0.7mm,1.654,PRESS_5,T-70679-B,PRJ-OMEGA-0109,P01_NW07_Northwind West Coast,MAT-101395,S160/PL.46 304TL 0.7mm,0,0,0,0,0,0,0,0,0,0,0,0,0,0,0,0,0,0,707,1078,1403,1637,1103,955,741,462,311,0,0,0,0,0,0,0,0,0,0
Not approved,NW04_Northwind Southbay,NW04_MAT-101363,MAT-101363,PRO-12X/PL.14 304TL 0.5mm,1.273,GRINDING_1,T-70351-D,PRJ-OMEGA-0109,P01_NW04_Northwind Southbay,MAT-101363,PRO-12X/PL.14 304TL 0.5mm,0,0,0,0,1695,2148,2543,2947,2505,2036,1911,1286,544,0,0,0,0,0,0,0,0,0,0,0,0,0,0,0,0,0,0,0,0,0,0,0,0
Not approved,NW13_Northwind Andes,NW13_MAT-101054,MAT-101054,MX250/PL.05 304TL 0.6mm,1.064,PRESS_3,T-70378-D,PRJ-ALPHA-0489,P01_NW13_Northwind Andes,MAT-101054,MX250/PL.05 304TL 0.6mm,0,0,0,0,0,0,0,0,0,0,3446,4433,6483,6634,6236,5028,3814,2474,1364,0,0,0,0,0,0,0,0,0,0,0,0,0,0,0,0,0,0
Not approved,NW14_Northwind Oceania,NW14_MAT-100621,MAT-100621,MX200/PL.22 304TL 0.8mm,1.311,ASSY_1,T-70344-D,PRJ-EPSILON-0169,P01_NW14_Northwind Oceania,MAT-100621,MX200/PL.22 304TL 0.8mm,0,0,0,0,0,0,0,0,0,0,0,0,0,0,0,0,0,0,3501,3705,6282,8046,6000,4731,4095,2180,1164,0,0,0,0,0,0,0,0,0,0
Not approved,NW05_Northwind Pacific,NW05_MAT-100819,MAT-100819,S160/PL.20 304TL 0.6mm,1.093,PRESS_5,T-70675-C,PRJ-ALPHA-0676,P01_NW05_Northwind Pacific,MAT-100819,S160/PL.20 304TL 0.6mm,0,0,0,0,0,0,0,0,0,0,0,0,0,0,0,0,0,0,0,0,0,0,0,0,0,0,0,0,4380,9071,10831,11243,9269,7140,5753,3070,2386
Not approved,NW15_Northwind Indochina,NW15_MAT-100618,MAT-100618,PRO-9X/PL.19 304TL 0.5mm,1.453,PRESS_3,T-70695-C,PRJ-ALPHA-0569,P01_NW15_Northwind Indochina,MAT-100618,PRO-9X/PL.19 304TL 0.5mm,0,0,0,0,0,0,0,0,0,0,0,0,0,0,0,0,0,0,0,0,0,0,0,0,0,0,0,0,0,5867,5049,6319,7958,9493,4763,5854,3769
Not approved,NW04_Northwind Southbay,NW04_MAT-101378,MAT-101378,MX250/PL.29 304TL 0.6mm,0.962,ASSY_1,T-70242-A,PRJ-GAMMA-0490,P01_NW04_Northwind Southbay,MAT-101378,MX250/PL.29 304TL 0.6mm,0,0,0,0,0,0,0,0,0,0,0,0,0,0,2116,2443,2354,4331,3648,2354,1492,1485,609,0,0,0,0,0,0,0,0,0,0,0,0,0,0
Not approved,NW12_Northwind Cerrado,NW12_MAT-100914,MAT-100914,S140/PL.15 304TL 0.7mm,1.383,GRINDING_1,T-70447-A,PRJ-EPSILON-0374,P01_NW12_Northwind Cerrado,MAT-100914,S140/PL.15 304TL 0.7mm,0,0,0,0,0,0,0,0,0,0,0,0,0,0,0,0,0,0,0,0,0,0,0,4566,6481,8461,12308,8765,6211,5807,4126,1731,0,0,0,0,0
Not approved,NW09_Northwind Alpine,NW09_MAT-101279,MAT-101279,PRO-12X/PL.30 304TL 0.6mm,1.646,PRESS_4,T-70656-C,PRJ-EPSILON-0618,P01_NW09_Northwind Alpine,MAT-101279,PRO-12X/PL.30 304TL 0.6mm,0,5416,7251,7909,8758,4405,4917,2645,1798,0,0,0,0,0,0,0,0,0,0,0,0,0,0,0,0,0,0,0,0,0,0,0,0,0,0,0,0
Not approved,NW01_Northwind Midwest,NW01_MAT-101149,MAT-101149,MX200/PL.50 304TL 0.7mm,1.283,PRESS_3,T-70615-B,PRJ-EPSILON-0362,P01_NW01_Northwind Midwest,MAT-101149,MX200/PL.50 304TL 0.7mm,0,0,0,0,0,0,0,0,0,0,0,0,0,0,3360,2877,4255,6145,5407,3263,2719,1668,790,0,0,0,0,0,0,0,0,0,0,0,0,0,0
Not approved,NW12_Northwind Cerrado,NW12_MAT-101216,MAT-101216,XL420/PL.17 304TL 0.8mm,2.641,GRINDING_1,T-70194-A,PRJ-GAMMA-0453,P01_NW12_Northwind Cerrado,MAT-101216,XL420/PL.17 304TL 0.8mm,0,0,0,0,0,0,0,0,0,0,0,0,0,0,0,0,4772,8301,8500,8557,11059,5396,6283,2779,1549,0,0,0,0,0,0,0,0,0,0,0,0
Not approved,NW07_Northwind West Coast,NW07_MAT-100765,MAT-100765,MX200/PL.16 304TL 0.7mm,1.363,EXTRUSION_1,T-70627-A,PRJ-ALPHA-0696,P01_NW07_Northwind West Coast,MAT-100765,MX200/PL.16 304TL 0.7mm,0,0,0,0,0,0,0,0,0,0,3431,2857,5039,6216,3733,4023,2610,1614,709,0,0,0,0,0,0,0,0,0,0,0,0,0,0,0,0,0,0
Not approved,NW03_Northwind Carpathia,NW03_MAT-100016,MAT-100016,XL420/PL.17 304TL 0.5mm,1.915,PRES_8_1,T-70386-D,PRJ-DELTA-0717,P01_NW03_Northwind Carpathia,MAT-100016,XL420/PL.17 304TL 0.5mm,0,0,0,0,0,0,0,0,0,0,0,0,0,0,0,0,0,0,0,0,0,0,0,0,0,0,0,0,0,0,3257,5818,5805,10557,8204,6150,4558
Not approved,NW14_Northwind Oceania,NW14_MAT-101364,MAT-101364,MX100/PL.15 304TL 0.4mm,1.349,PRESS_2,T-70575-B,PRJ-BETA-0241,P01_NW14_Northwind Oceania,MAT-101364,MX100/PL.15 304TL 0.4mm,0,3851,4044,4894,5323,4267,2695,1575,805,0,0,0,0,0,0,0,0,0,0,0,0,0,0,0,0,0,0,0,0,0,0,0,0,0,0,0,0
Not approved,NW05_Northwind Pacific,NW05_MAT-101112,MAT-101112,MX100/PL.13 304TL 0.3mm,1.226,PRESS_3,T-70453-B,PRJ-DELTA-0546,P01_NW05_Northwind Pacific,MAT-101112,MX100/PL.13 304TL 0.3mm,0,0,0,0,0,0,0,0,0,0,0,0,0,0,0,0,0,0,0,0,0,0,0,0,0,0,0,0,0,1198,1855,2227,2296,2041,1781,1538,790
Not approved,NW04_Northwind Southbay,NW04_MAT-100236,MAT-100236,MX100/PL.37 304TL 0.5mm,1.427,ASSY_1,T-70412-B,PRJ-EPSILON-0362,P01_NW04_Northwind Southbay,MAT-100236,MX100/PL.37 304TL 0.5mm,0,0,0,0,0,0,0,0,0,0,0,0,0,0,0,0,0,0,0,0,0,0,0,0,0,0,0,0,0,4216,6316,6169,6982,6425,5288,5047,2404
Not approved,NW15_Northwind Indochina,NW15_MAT-101387,MAT-101387,PRO-12X/PL.38 304TL 0.4mm,1.372,PRESS_4,T-70111-D,PRJ-BETA-0280,P01_NW15_Northwind Indochina,MAT-101387,PRO-12X/PL.38 304TL 0.4mm,0,0,0,0,0,0,0,0,0,0,0,0,0,600,889,755,914,1205,965,697,392,229,0,0,0,0,0,0,0,0,0,0,0,0,0,0,0
Not approved,NW03_Northwind Carpathia,NW03_MAT-100135,MAT-100135,S160/PL.36 304TL 0.5mm,1.141,PRES_3_1,T-70601-B,PRJ-BETA-0105,P01_NW03_Northwind Carpathia,MAT-100135,S160/PL.36 304TL 0.5mm,0,0,0,0,0,0,0,0,0,0,0,0,0,0,0,0,0,4388,6237,6664,9140,5895,5138,3473,2724,996,0,0,0,0,0,0,0,0,0,0,0
Not approved,NW04_Northwind Southbay,NW04_MAT-100342,MAT-100342,PRO-9X/PL.43 304TL 0.5mm,1.477,PRESS_3,T-70068-C,PRJ-OMEGA-0172,P01_NW04_Northwind Southbay,MAT-100342,PRO-9X/PL.43 304TL 0.5mm,0,0,3775,5604,6355,8417,7810,4586,3636,2577,1383,0,0,0,0,0,0,0,0,0,0,0,0,0,0,0,0,0,0,0,0,0,0,0,0,0,0
Not approved,NW10_Northwind Baltics,NW10_MAT-100739,MAT-100739,PRO-12X/PL.40 304TL 0.7mm,1.589,PRESS_4,T-70287-A,PRJ-OMEGA-0437,P01_NW10_Northwind Baltics,MAT-100739,PRO-12X/PL.40 304TL 0.7mm,0,0,0,0,0,0,0,0,0,0,0,0,0,0,0,0,0,0,0,0,0,0,0,0,0,0,0,0,0,0,4130,5607,6987,10373,6484,4820,4507
Not approved,NW06_Northwind Southeast,NW06_MAT-100445,MAT-100445,S120/PL.46 304TL 0.6mm,1.202,PRESS_4,T-70691-C,PRJ-GAMMA-0415,P01_NW06_Northwind Southeast,MAT-100445,S120/PL.46 304TL 0.6mm,0,0,0,0,0,0,0,0,0,0,0,0,0,0,0,0,0,0,0,0,0,0,0,0,0,0,0,0,5678,6792,9916,9885,7423,8476,5130,3754,2096
Not approved,NW10_Northwind Baltics,NW10_MAT-100592,MAT-100592,XL420/PL.43 304TL 0.8mm,2.419,PRESS_4,T-70362-A,PRJ-ALPHA-0381,P01_NW10_Northwind Baltics,MAT-100592,XL420/PL.43 304TL 0.8mm,0,0,0,0,0,697,827,1522,1373,1422,1110,905,466,257,0,0,0,0,0,0,0,0,0,0,0,0,0,0,0,0,0,0,0,0,0,0,0
Not approved,NW15_Northwind Indochina,NW15_MAT-101360,MAT-101360,XL420/PL.11 304TL 0.7mm,1.902,PRESS_5,T-70172-B,PRJ-DELTA-0363,P01_NW15_Northwind Indochina,MAT-101360,XL420/PL.11 304TL 0.7mm,0,0,0,0,0,0,0,0,0,0,0,0,0,0,0,0,0,0,0,0,0,0,0,0,0,0,0,0,757,798,981,1662,1090,1137,643,410,301
Not approved,NW07_Northwind West Coast,NW07_MAT-100496,MAT-100496,XL420/PL.47 304TL 0.5mm,2.444,PRESS_5,T-70652-C,PRJ-BETA-0579,P01_NW07_Northwind West Coast,MAT-100496,XL420/PL.47 304TL 0.5mm,0,0,0,0,0,0,2115,3384,3851,3959,2746,2647,1759,1263,812,0,0,0,0,0,0,0,0,0,0,0,0,0,0,0,0,0,0,0,0,0,0
Not approved,NW10_Northwind Baltics,NW10_MAT-101354,MAT-101354,MX250/PL.05 304TL 0.5mm,1.04,LATHE_1,T-70130-A,PRJ-BETA-0258,P01_NW10_Northwind Baltics,MAT-101354,MX250/PL.05 304TL 0.5mm,0,0,0,0,0,0,0,0,0,0,0,0,2398,2534,2939,3719,4137,2351,2194,1633,685,0,0,0,0,0,0,0,0,0,0,0,0,0,0,0,0
Not approved,NW04_Northwind Southbay,NW04_MAT-100545,MAT-100545,XL520/PL.46 304TL 0.6mm,2.466,PRESS_4,T-70020-C,PRJ-DELTA-0501,P01_NW04_Northwind Southbay,MAT-100545,XL520/PL.46 304TL 0.6mm,0,0,5693,7884,9829,9166,8307,6274,7423,3815,2351,0,0,0,0,0,0,0,0,0,0,0,0,0,0,0,0,0,0,0,0,0,0,0,0,0,0
Not approved,Missing plant,_,,S120/PL.12 304TL 0.8mm,Missing CT,Missing WC,Missing tool,PRJ-ALPHA-0643,,,,0,458,597,714,721,660,530,560,343,165,0,0,0,0,0,0,0,0,0,0,0,0,0,0,0,0,0,0,0,0,0,0,0,0,0,0,0
Not approved,NW13_Northwind Andes,NW13_MAT-100147,MAT-100147,S160/PL.48 304TL 0.7mm,1.506,OVEN_1,T-70595-D,PRJ-ALPHA-0626,P01_NW13_Northwind Andes,MAT-100147,S160/PL.48 304TL 0.7mm,0,0,0,0,0,0,0,0,0,2624,4925,5484,5366,4648,3336,2643,1878,945,0,0,0,0,0,0,0,0,0,0,0,0,0,0,0,0,0,0,0
Not approved,NW09_Northwind Alpine,NW09_MAT-100780,MAT-100780,S62/PL.31 304TL 0.8mm,1.046,GRINDING_1,T-70434-C,PRJ-DELTA-0285,P01_NW09_Northwind Alpine,MAT-100780,S62/PL.31 304TL 0.8mm,0,0,0,0,0,0,0,0,0,0,0,0,0,0,0,0,0,0,0,0,3061,4316,4827,4701,3688,4283,3195,1588,806,0,0,0,0,0,0,0,0
Not approved,NW09_Northwind Alpine,NW09_MAT-100780,MAT-100780,S62/PL.31 304TL 0.8mm,1.046,GRINDING_1,T-70434-C,PRJ-BETA-0670,P01_NW09_Northwind Alpine,MAT-100780,S62/PL.31 304TL 0.8mm,0,0,0,0,0,0,0,0,0,0,0,0,0,0,0,0,0,0,744,844,997,1455,1351,881,576,476,268,0,0,0,0,0,0,0,0,0,0
Not approved,NW09_Northwind Alpine,NW09_MAT-100780,MAT-100780,S62/PL.31 304TL 0.8mm,1.046,GRINDING_1,T-70434-C,PRJ-BETA-0669,P01_NW09_Northwind Alpine,MAT-100780,S62/PL.31 304TL 0.8mm,0,0,0,0,0,0,0,0,0,0,0,0,0,0,1861,2153,3375,3296,2538,2645,2183,1141,548,0,0,0,0,0,0,0,0,0,0,0,0,0,0
