Status,Connector RCCP pivot,Connector Plant_Material nr,Material number,Material Description,Cycle time,Work center,Tool number,Project_name,Gasket Factory,Gasket Final,Gasket Description,All delayed,1 2026,2 2026,3 2026,4 2026,5 2026,6 2026,7 2026,8 2026,9 2026,10 2026,11 2026,12 2026,1 2027,2 2027,3 2027,4 2027,5 2027,6 2027,7 2027,8 2027,9 2027,10 2027,11 2027,12 2027,1 2028,2 2028,3 2028,4 2028,5 2028,6 2028,7 2028,8 2028,9 2028,10 2028,11 2028,12 2028
Not approved,NW09_Northwind Alpine,NW09_MAT-200029,MAT-200029,M14-HNBR GASKET 30,0.587,EXTRUSION_1,T-70148-B,PRJ-OMEGA-0584,P01_NW09_Northwind Alpine,MAT-200029,M14-HNBR GASKET 30,0,0,0,0,0,0,0,0,0,0,0,0,0,0,0,0,0,0,0,0,0,0,0,0,0,5488,6268,9435,8453,6847,7517,5039,4099,1852,0,0,0
Not approved,NW03_Northwind Carpathia,NW03_MAT-200327,MAT-200327,M22-NBR GASKET 08,0.806,PRES_3_1,T-70347-C,PRJ-DELTA-0575,P01_NW03_Northwind Carpathia,MAT-200327,M22-NBR GASKET 08,0,0,0,0,0,0,0,0,0,0,0,0,0,0,0,0,0,0,0,3505,5630,5779,5768,7230,3704,4019,2592,1119,0,0,0,0,0,0,0,0,0
Not approved,NW12_Northwind Cerrado,NW12_MAT-200117,MAT-200117,M14-HNBR GASKET 38,0.583,PRESS_1,T-70125-B,PRJ-BETA-0667,P01_NW12_Northwind Cerrado,MAT-200117,M14-HNBR GASKET 38,0,0,0,0,0,0,0,0,0,0,0,0,0,0,0,0,0,0,682,1012,798,1138,1266,812,591,465,206,0,0,0,0,0,0,0,0,0,0
Not approved,NW13_Northwind Andes,NW13_MAT-200828,MAT-200828,M20-SILI GASKET 29,0.844,PRESS_3,T-70511-A,PRJ-OMEGA-0124,P01_NW13_Northwind Andes,MAT-200828,M20-SILI GASKET 29,0,0,0,0,0,0,0,0,0,0,0,0,0,2298,2315,2877,3741,3121,2417,1671,1244,685,0,0,0,0,0,0,0,0,0,0,0,0,0,0,0
Not approved,NW05_Northwind Pacific,NW05_MAT-200008,MAT-200008,M10-BFG GASKET 09,0.593,EXTRUSION_1,T-70636-D,PRJ-DELTA-0289,P01_NW05_Northwind Pacific,MAT-200008,M10-BFG GASKET 09,0,0,0,0,0,0,0,0,0,0,0,0,0,0,0,0,0,0,0,0,4764,4720,5556,7771,5388,4580,4460,3432,1430,0,0,0,0,0,0,0,0
Not approved,NW09_Northwind Alpine,NW09_MAT-200525,MAT-200525,M14-HNBR GASKET 06,0.542,EXTRUSION_1,T-70583-D,PRJ-ALPHA-0295,P01_NW09_Northwind Alpine,MAT-200525,M14-HNBR GASKET 06,0,0,0,0,0,1310,1557,2126,2102,1892,1358,1064,662,430,0,0,0,0,0,0,0,0,0,0,0,0,0,0,0,0,0,0,0,0,0,0,0
Not approved,NW05_Northwind Pacific,NW05_MAT-200307,MAT-200307,M6-FKM GASKET 28,0.278,ASSY_1,T-70137-A,PRJ-OMEGA-0537,P01_NW05_Northwind Pacific,MAT-200307,M6-FKM GASKET 28,0,0,0,0,0,0,0,0,0,0,0,1668,2481,3369,3202,2745,1930,1595,1198,519,0,0,0,0,0,0,0,0,0,0,0,0,0,0,0,0,0
Not approved,NW11_Northwind Levant,NW11_MAT-200635,MAT-200635,M6-FKM GASKET 36,0.321,PRESS_2,T-70476-C,PRJ-BETA-0637,P01_NW11_Northwind Levant,MAT-200635,M6-FKM GASKET 36,0,0,0,0,0,0,0,4080,4687,6717,8291,6315,6503,3549,2683,1173,0,0,0,0,0,0,0,0,0,0,0,0,0,0,0,0,0,0,0,0,0
Not approved,NW04_Northwind Southbay,NW04_MAT-200531,MAT-200531,M6-FKM GASKET 12,0.319,PRESS_2,T-70387-A,PRJ-DELTA-0720,P01_NW04_Northwind Southbay,MAT-200531,M6-FKM GASKET 12,0,0,0,0,0,0,0,0,0,0,0,0,0,4298,5847,9504,9006,9947,7104,4902,3304,1626,0,0,0,0,0,0,0,0,0,0,0,0,0,0,0
Not approved,NW10_Northwind Baltics,NW10_MAT-200755,MAT-200755,M6-FKM GASKET 36,0.336,PRESS_3,T-70064-D,PRJ-EPSILON-0362,P01_NW10_Northwind Baltics,MAT-200755,M6-FKM GASKET 36,0,0,0,0,0,0,0,0,0,0,0,0,0,0,1507,1921,2401,3558,1914,2312,1307,770,489,0,0,0,0,0,0,0,0,0,0,0,0,0,0
Not approved,NW10_Northwind Baltics,NW10_MAT-200119,MAT-200119,M22-NBR GASKET 40,0.555,GRINDING_1,T-70560-B,PRJ-OMEGA-0062,P01_NW10_Northwind Baltics,MAT-200119,M22-NBR GASKET 40,0,0,4764,7347,10129,9977,8988,5735,5268,3162,2250,0,0,0,0,0,0,0,0,0,0,0,0,0,0,0,0,0,0,0,0,0,0,0,0,0,0
Not approved,NW02_Northwind Heartland,NW02_MAT-200169,MAT-200169,M8-NBR GASKET 10,0.45,EXTRUSION_1,T-70054-A,PRJ-BETA-0377,P01_NW02_Northwind Heartland,MAT-200169,M8-NBR GASKET 10,0,0,0,0,0,0,0,0,0,0,0,0,0,0,0,0,0,0,0,0,0,0,0,0,0,0,0,0,0,0,2650,2478,2760,4681,3805,3486,2406
Not approved,NW11_Northwind Levant,NW11_MAT-200600,MAT-200600,M10-BFG GASKET 01,0.524,PRESS_1,T-70578-A,PRJ-OMEGA-0195,P01_NW11_Northwind Levant,MAT-200600,M10-BFG GASKET 01,0,0,0,0,0,0,0,0,0,0,0,0,0,0,0,0,0,0,0,0,0,0,0,0,0,1898,3728,3848,5532,4539,3472,2369,1555,613,0,0,0
Not approved,NW09_Northwind Alpine,NW09_MAT-200206,MAT-200206,M18-AFLAS GASKET 07,0.873,GRINDING_1,T-70137-A,PRJ-ALPHA-0189,P01_NW09_Northwind Alpine,MAT-200206,M18-AFLAS GASKET 07,0,0,0,0,0,0,0,0,0,0,0,487,639,728,939,938,623,438,285,180,0,0,0,0,0,0,0,0,0,0,0,0,0,0,0,0,0
Not approved,NW12_Northwind Cerrado,NW12_MAT-200386,MAT-200386,M12-EPDM GASKET 27,0.553,PRESS_1,T-70419-B,PRJ-DELTA-0561,P01_NW12_Northwind Cerrado,MAT-200386,M12-EPDM GASKET 27,0,0,0,0,2906,3589,4054,5280,4588,3536,2173,1769,720,0,0,0,0,0,0,0,0,0,0,0,0,0,0,0,0,0,0,0,0,0,0,0,0
Not approved,NW10_Northwind Baltics,NW10_MAT-200600,MAT-200600,M10-BFG GASKET 01,0.485,PRESS_1,T-70528-B,PRJ-BETA-0478,P01_NW10_Northwind Baltics,MAT-200600,M10-BFG GASKET 01,0,0,0,0,0,0,0,3057,2901,3455,6238,5229,3694,2091,2172,1037,0,0,0,0,0,0,0,0,0,0,0,0,0,0,0,0,0,0,0,0,0
Not approved,NW05_Northwind Pacific,NW05_MAT-200625,MAT-200625,M8-NBR GASKET 26,0.368,OVEN_1,T-70316-A,PRJ-EPSILON-0263,P01_NW05_Northwind Pacific,MAT-200625,M8-NBR GASKET 26,0,0,0,0,0,0,0,0,0,0,2892,5591,6266,6352,7291,5531,4479,2727,1396,0,0,0,0,0,0,0,0,0,0,0,0,0,0,0,0,0,0
Not approved,NW09_Northwind Alpine,NW09_MAT-200494,MAT-200494,M18-AFLAS GASKET 15,0.74,EXTRUSION_1,T-70254-D,PRJ-EPSILON-0422,P01_NW09_Northwind Alpine,MAT-200494,M18-AFLAS GASKET 15,0,0,0,0,0,0,0,0,4089,4314,7115,6689,5714,5713,4257,2679,1497,0,0,0,0,0,0,0,0,0,0,0,0,0,0,0,0,0,0,0,0
Not approved,NW03_Northwind Carpathia,NW03_MAT-200682,MAT-200682,M12-EPDM GASKET 03,0.671,OVEN_1,T-70608-D,PRJ-BETA-0019,P01_NW03_Northwind Carpathia,MAT-200682,M12-EPDM GASKET 03,0,0,0,0,0,0,0,0,0,0,0,0,0,0,0,0,0,0,0,0,4935,4332,7303,7705,6818,4132,3694,2427,1411,0,0,0,0,0,0,0,0
Not approved,NW14_Northwind Oceania,NW14_MAT-200267,MAT-200267,M6-FKM GASKET 28,0.288,PRESS_2,T-70539-D,PRJ-EPSILON-0320,P01_NW14_Northwind Oceania,MAT-200267,M6-FKM GASKET 28,0,0,0,0,0,0,0,0,0,0,0,0,0,5849,9353,8987,11289,8774,9375,4581,3454,1994,0,0,0,0,0,0,0,0,0,0,0,0,0,0,0
Not approved,NW10_Northwind Baltics,NW10_MAT-200836,MAT-200836,M20-SILI GASKET 37,0.906,PRESS_3,T-70104-C,PRJ-GAMMA-0342,P01_NW10_Northwind Baltics,MAT-200836,M20-SILI GASKET 37,0,0,0,0,0,0,0,0,0,0,0,0,0,0,0,0,0,0,0,0,0,0,0,0,0,0,0,272,343,429,513,596,487,242,218,103,0
Not approved,NW10_Northwind Baltics,NW10_MAT-200295,MAT-200295,M22-NBR GASKET 16,0.629,ASSY_1,T-70528-B,PRJ-EPSILON-0529,P01_NW10_Northwind Baltics,MAT-200295,M22-NBR GASKET 16,0,0,0,0,0,0,0,0,0,0,0,0,0,0,0,0,0,0,0,0,0,0,0,0,0,0,0,0,3640,4805,5032,5610,5157,3138,3578,1726,1111
Not approved,NW03_Northwind Carpathia,NW03_MAT-200130,MAT-200130,M12-EPDM GASKET 11,0.536,PRES_3_1,T-70070-B,PRJ-GAMMA-0485,P01_NW03_Northwind Carpathia,MAT-200130,M12-EPDM GASKET 11,0,0,0,0,0,0,0,0,0,0,0,0,0,0,0,0,0,0,0,1772,2565,2497,2841,2519,2254,1616,1329,544,0,0,0,0,0,0,0,0,0
Not approved,NW08_Northwind Iberia,NW08_MAT-200637,MAT-200637,M14-HNBR GASKET 38,0.607,PRESS_1,T-70429-D,PRJ-DELTA-0406,P01_NW08_Northwind Iberia,MAT-200637,M14-HNBR GASKET 38,0,0,0,0,0,0,0,0,0,0,0,0,0,0,0,0,0,0,0,0,0,0,4328,7245,10783,9553,11017,7385,6706,4083,2233,0,0,0,0,0,0
Not approved,NW08_Northwind Iberia,NW08_MAT-200443,MAT-200443,M6-FKM GASKET 04,0.388,PRESS_2,T-70126-B,PRJ-OMEGA-0161,P01_NW08_Northwind Iberia,MAT-200443,M6-FKM GASKET 04,0,0,0,0,0,6636,8465,8915,10293,8804,7113,6493,4351,1832,0,0,0,0,0,0,0,0,0,0,0,0,0,0,0,0,0,0,0,0,0,0,0
Not approved,NW02_Northwind Heartland,NW02_MAT-200013,MAT-200013,M14-HNBR GASKET 14,0.664,LATHE_1,T-70642-A,PRJ-EPSILON-0116,P01_NW02_Northwind Heartland,MAT-200013,M14-HNBR GASKET 14,0,1164,1377,1966,2544,1951,1305,945,911,322,0,0,0,0,0,0,0,0,0,0,0,0,0,0,0,0,0,0,0,0,0,0,0,0,0,0,0
Not approved,NW05_Northwind Pacific,NW05_MAT-200476,MAT-200476,M20-SILI GASKET 37,0.748,GRINDING_1,T-70263-D,PRJ-DELTA-0253,P01_NW05_Northwind Pacific,MAT-200476,M20-SILI GASKET 37,0,1340,1783,2990,2399,2956,2554,1889,850,568,0,0,0,0,0,0,0,0,0,0,0,0,0,0,0,0,0,0,0,0,0,0,0,0,0,0,0
Not approved,NW08_Northwind Iberia,NW08_MAT-200677,MAT-200677,M14-HNBR GASKET 38,0.567,ASSY_1,T-70286-C,PRJ-ALPHA-0381,P01_NW08_Northwind Iberia,MAT-200677,M14-HNBR GASKET 38,0,0,0,0,0,0,0,0,0,0,0,0,4195,5134,6430,8499,5069,5264,3326,2254,1297,0,0,0,0,0,0,0,0,0,0,0,0,0,0,0,0
Not approved,NW09_Northwind Alpine,NW09_MAT-200271,MAT-200271,M22-NBR GASKET 32,0.529,EXTRUSION_1,T-70052-A,PRJ-GAMMA-0470,P01_NW09_Northwind Alpine,MAT-200271,M22-NBR GASKET 32,0,0,0,0,0,0,0,0,0,0,0,0,0,0,0,0,0,0,0,0,0,0,0,0,0,0,0,0,5113,9207,9702,11164,10351,7464,6017,3063,2294
Not approved,NW07_Northwind West Coast,NW07_MAT-200383,MAT-200383,M22-NBR GASKET 24,0.756,ASSY_1,T-70310-C,PRJ-EPSILON-0224,P01_NW07_Northwind West Coast,MAT-200383,M22-NBR GASKET 24,0,0,0,0,0,0,0,0,0,0,0,0,0,0,0,0,0,0,0,0,0,6092,6195,9203,8578,8743,7105,4535,4608,1522,0,0,0,0,0,0,0
Not approved,NW01_Northwind Midwest,NW01_MAT-200290,MAT-200290,M12-EPDM GASKET 11,0.493,ASSY_1,T-70087-A,PRJ-EPSILON-0100,P01_NW01_Northwind Midwest,MAT-200290,M12-EPDM GASKET 11,0,0,0,0,0,0,0,0,0,0,0,0,4804,5597,9906,8177,7801,5863,5885,3297,1329,0,0,0,0,0,0,0,0,0,0,0,0,0,0,0,0
Not approved,NW03_Northwind Carpathia,NW03_MAT-200204,MAT-200204,M20-SILI GASKET 05,0.683,PRES_3_2,T-70062-A,PRJ-GAMMA-0368,P01_NW03_Northwind Carpathia,MAT-200204,M20-SILI GASKET 05,0,0,0,0,0,0,0,0,0,0,0,0,0,0,0,0,0,0,0,0,0,0,0,0,0,0,0,0,0,3920,6274,5745,9985,5198,5478,4460,2368
Not approved,NW03_Northwind Carpathia,NW03_MAT-200035,MAT-200035,M6-FKM GASKET 36,0.434,OVEN_1,T-70209-C,PRJ-EPSILON-0134,P01_NW03_Northwind Carpathia,MAT-200035,M6-FKM GASKET 36,0,0,0,0,0,0,0,0,3841,4580,7906,6688,8547,5596,3660,3475,1077,0,0,0,0,0,0,0,0,0,0,0,0,0,0,0,0,0,0,0,0
Not approved,NW02_Northwind Heartland,NW02_MAT-200463,MAT-200463,M22-NBR GASKET 24,0.508,PRESS_3,T-70166-B,PRJ-EPSILON-0664,P01_NW02_Northwind Heartland,MAT-200463,M22-NBR GASKET 24,0,4617,7692,10594,8073,7922,5358,5858,3782,2105,0,0,0,0,0,0,0,0,0,0,0,0,0,0,0,0,0,0,0,0,0,0,0,0,0,0,0
Not approved,NW01_Northwind Midwest,NW01_MAT-200617,MAT-200617,M8-NBR GASKET 18,0.467,PRESS_1,T-70277-A,PRJ-DELTA-0604,P01_NW01_Northwind Midwest,MAT-200617,M8-NBR GASKET 18,0,0,0,0,0,0,0,0,0,0,0,0,0,0,0,0,0,0,0,0,0,0,0,0,0,0,3008,5044,5550,7417,6427,5128,2855,2334,1301,0,0
Not approved,NW13_Northwind Andes,NW13_MAT-200543,MAT-200543,M22-NBR GASKET 24,0.77,PRESS_1,T-70618-B,PRJ-ALPHA-0164,P01_NW13_Northwind Andes,MAT-200543,M22-NBR GASKET 24,0,0,0,0,0,0,0,0,0,0,0,0,0,0,5398,6207,8002,9574,7495,5298,3966,2560,1562,0,0,0,0,0,0,0,0,0,0,0,0,0,0
Not approved,NW02_Northwind Heartland,NW02_MAT-200159,MAT-200159,M22-NBR GASKET 40,0.649,PRESS_2,T-70266-D,PRJ-DELTA-0289,P01_NW02_Northwind Heartland,MAT-200159,M22-NBR GASKET 40,0,0,0,0,0,0,0,0,0,0,0,2972,2871,4406,5836,4863,3820,2400,1524,665,0,0,0,0,0,0,0,0,0,0,0,0,0,0,0,0,0
Not approved,NW15_Northwind Indochina,NW15_MAT-200094,MAT-200094,M18-AFLAS GASKET 15,0.624,GRINDING_1,T-70271-D,PRJ-OMEGA-0271,P01_NW15_Northwind Indochina,MAT-200094,M18-AFLAS GASKET 15,0,0,0,0,0,0,0,0,0,0,0,0,0,0,0,2370,1999,3593,3736,2833,2175,1867,1471,539,0,0,0,0,0,0,0,0,0,0,0,0,0
Not approved,NW15_Northwind Indochina,NW15_MAT-200768,MAT-200768,M10-BFG GASKET 09,0.452,PRESS_1,T-70184-B,PRJ-ALPHA-0681,P01_NW15_Northwind Indochina,MAT-200768,M10-BFG GASKET 09,0,0,0,0,0,0,0,0,0,0,0,0,0,0,0,0,0,0,0,0,0,0,0,3418,4383,5479,7048,5972,5822,5070,2133,1510,0,0,0,0,0
Not approved,NW11_Northwind Levant,NW11_MAT-200141,MAT-200141,M14-HNBR GASKET 22,0.703,PRESS_2,T-70281-B,PRJ-OMEGA-0665,P01_NW11_Northwind Levant,MAT-200141,M14-HNBR GASKET 22,0,0,0,0,2532,3446,5007,5096,3986,2999,2307,1744,747,0,0,0,0,0,0,0,0,0,0,0,0,0,0,0,0,0,0,0,0,0,0,0,0
Not approved,NW03_Northwind Carpathia,NW03_MAT-200311,MAT-200311,M22-NBR GASKET 32,0.763,PRES_3_1,T-70418-D,PRJ-OMEGA-0452,P01_NW03_Northwind Carpathia,MAT-200311,M22-NBR GASKET 32,0,5764,7699,9034,5585,6035,4520,2105,1081,0,0,0,0,0,0,0,0,0,0,0,0,0,0,0,0,0,0,0,0,0,0,0,0,0,0,0,0
Not approved,NW04_Northwind Southbay,NW04_MAT-200511,MAT-200511,M22-NBR GASKET 32,0.668,PRESS_2,T-70441-A,PRJ-BETA-0384,P01_NW04_Northwind Southbay,MAT-200511,M22-NBR GASKET 32,0,4769,6555,8685,10817,9660,6013,7301,3891,1536,0,0,0,0,0,0,0,0,0,0,0,0,0,0,0,0,0,0,0,0,0,0,0,0,0,0,0
Not approved,NW11_Northwind Levant,NW11_MAT-200751,MAT-200751,M22-NBR GASKET 32,0.516,PRESS_3,T-70336-C,PRJ-OMEGA-0108,P01_NW11_Northwind Levant,MAT-200751,M22-NBR GASKET 32,0,0,0,0,0,0,0,0,0,0,0,0,0,0,0,0,0,0,0,0,1691,2725,2386,3842,2475,2643,2129,1143,693,0,0,0,0,0,0,0,0
Not approved,NW01_Northwind Midwest,NW01_MAT-200756,MAT-200756,M20-SILI GASKET 37,0.899,PRESS_1,T-70000-D,PRJ-GAMMA-0347,P01_NW01_Northwind Midwest,MAT-200756,M20-SILI GASKET 37,0,0,0,0,0,0,0,0,0,0,0,0,0,0,0,0,0,0,0,0,0,0,0,0,0,0,0,0,0,0,230,311,341,415,457,335,243
Not approved,NW09_Northwind Alpine,NW09_MAT-200092,MAT-200092,M20-SILI GASKET 13,0.627,GRINDING_1,T-70232-B,PRJ-GAMMA-0453,P01_NW09_Northwind Alpine,MAT-200092,M20-SILI GASKET 13,0,0,0,1054,1532,1682,2138,1747,1350,928,891,450,0,0,0,0,0,0,0,0,0,0,0,0,0,0,0,0,0,0,0,0,0,0,0,0,0
Not approved,Missing plant,_,,M22-NBR GASKET 40,Missing CT,Missing WC,Missing tool,PRJ-EPSILON-0224,,,,0,0,0,0,0,0,0,0,0,0,0,1688,1983,2277,3283,2209,2356,1947,1223,561,0,0,0,0,0,0,0,0,0,0,0,0,0,0,0,0,0
Not approved,NW05_Northwind Pacific,NW05_MAT-200403,MAT-200403,M6-FKM GASKET 04,0.377,GRINDING_1,T-70623-A,PRJ-ALPHA-0050,P01_NW05_Northwind Pacific,MAT-200403,M6-FKM GASKET 04,0,0,0,0,0,0,0,0,0,0,0,0,0,0,0,0,0,0,0,0,0,0,5432,6558,9812,11282,10321,7096,5023,4096,1770,0,0,0,0,0,0
Not approved,NW15_Northwind Indochina,NW15_MAT-200142,MAT-200142,M18-AFLAS GASKET 23,0.681,PRESS_1,T-70498-C,PRJ-DELTA-0392,P01_NW15_Northwind Indochina,MAT-200142,M18-AFLAS GASKET 23,0,0,0,0,0,0,0,0,0,0,0,0,0,0,0,0,432,760,853,919,848,627,477,388,154,0,0,0,0,0,0,0,0,0,0,0,0
Not approved,NW14_Northwind Oceania,NW14_MAT-200071,MAT-200071,M22-NBR GASKET 32,0.548,GRINDING_1,T-70357-D,PRJ-OMEGA-0584,P01_NW14_Northwind Oceania,MAT-200071,M22-NBR GASKET 32,0,2310,4074,3706,5429,4509,4417,3080,2299,777,0,0,0,0,0,0,0,0,0,0,0,0,0,0,0,0,0,0,0,0,0,0,0,0,0,0,0
Not approved,NW06_Northwind Southeast,NW06_MAT-200866,MAT-200866,M12-EPDM GASKET 27,0.559,GRINDING_1,T-70472-C,PRJ-EPSILON-0192,P01_NW06_Northwind Southeast,MAT-200866,M12-EPDM GASKET 27,0,0,0,0,0,0,0,0,0,1554,2954,3454,2798,2550,3050,1787,1398,474,0,0,0,0,0,0,0,0,0,0,0,0,0,0,0,0,0,0,0
Not approved,NW08_Northwind Iberia,NW08_MAT-200115,MAT-200115,M6-FKM GASKET 36,0.399,PRESS_3,T-70542-D,PRJ-OMEGA-0052,P01_NW08_Northwind Iberia,MAT-200115,M6-FKM GASKET 36,0,0,0,2753,4097,5248,4667,4273,3588,3116,2160,821,0,0,0,0,0,0,0,0,0,0,0,0,0,0,0,0,0,0,0,0,0,0,0,0,0
Not approved,NW14_Northwind Oceania,NW14_MAT-200839,MAT-200839,M22-NBR GASKET 40,0.5,PRESS_2,T-70249-A,PRJ-BETA-0705,P01_NW14_Northwind Oceania,MAT-200839,M22-NBR GASKET 40,0,0,0,0,0,0,0,0,0,0,0,4245,6571,8669,12668,9089,8089,4631,2846,1520,0,0,0,0,0,0,0,0,0,0,0,0,0,0,0,0,0
Not approved,NW12_Northwind Cerrado,NW12_MAT-200460,MAT-200460,M20-SILI GASKET 21,0.618,PRESS_1,T-70631-B,PRJ-BETA-0597,P01_NW12_Northwind Cerrado,MAT-200460,M20-SILI GASKET 21,0,0,0,0,0,0,0,0,0,0,0,0,0,0,0,0,0,0,0,0,0,493,609,549,812,809,638,487,299,162,0,0,0,0,0,0,0
Not approved,Missing plant,_,,M12-EPDM GASKET 11,Missing CT,Missing WC,Missing tool,PRJ-GAMMA-0367,,,,0,0,0,0,0,3841,6452,5755,7752,5696,5170,5142,2914,1576,0,0,0,0,0,0,0,0,0,0,0,0,0,0,0,0,0,0,0,0,0,0,0
Not approved,NW14_Northwind Oceania,NW14_MAT-200161,MAT-200161,M8-NBR GASKET 02,0.36,GRINDING_1,T-70623-A,PRJ-OMEGA-0106,P01_NW14_Northwind Oceania,MAT-200161,M8-NBR GASKET 02,0,0,0,0,0,0,0,0,0,0,0,0,0,0,0,0,0,0,0,0,0,0,0,0,0,0,0,0,3774,5345,7965,6485,7825,4975,3932,1977,1364
Not approved,NW01_Northwind Midwest,NW01_MAT-200378,MAT-200378,M12-EPDM GASKET 19,0.489,EXTRUSION_1,T-70493-A,PRJ-EPSILON-0400,P01_NW01_Northwind Midwest,MAT-200378,M12-EPDM GASKET 19,0,0,0,1017,1482,1628,2023,1656,1839,1105,622,309,0,0,0,0,0,0,0,0,0,0,0,0,0,0,0,0,0,0,0,0,0,0,0,0,0
Not approved,NW11_Northwind Levant,NW11_MAT-200526,MAT-200526,M18-AFLAS GASKET 07,0.713,PRESS_2,T-70119-A,PRJ-DELTA-0550,P01_NW11_Northwind Levant,MAT-200526,M18-AFLAS GASKET 07,0,6005,6477,6496,5682,4927,3249,2514,1190,0,0,0,0,0,0,0,0,0,0,0,0,0,0,0,0,0,0,0,0,0,0,0,0,0,0,0,0
Not approved,NW04_Northwind Southbay,NW04_MAT-200363,MAT-200363,M6-FKM GASKET 04,0.312,GRINDING_1,T-70244-B,PRJ-EPSILON-0684,P01_NW04_Northwind Southbay,MAT-200363,M6-FKM GASKET 04,0,7153,10303,12013,9078,6058,5745,3479,1928,0,0,0,0,0,0,0,0,0,0,0,0,0,0,0,0,0,0,0,0,0,0,0,0,0,0,0,0
Not approved,NW11_Northwind Levant,NW11_MAT-200354,MAT-200354,M12-EPDM GASKET 35,0.711,PRESS_3,T-70206-A,PRJ-DELTA-0312,P01_NW11_Northwind Levant,MAT-200354,M12-EPDM GASKET 35,0,0,0,0,0,0,0,0,0,6174,9335,7511,13134,7559,7940,6830,3840,2401,0,0,0,0,0,0,0,0,0,0,0,0,0,0,0,0,0,0,0
Not approved,NW02_Northwind Heartland,NW02_MAT-200769,MAT-200769,M8-NBR GASKET 10,0.476,GRINDING_1,T-70569-C,PRJ-OMEGA-0361,P01_NW02_Northwind Heartland,MAT-200769,M8-NBR GASKET 10,0,0,0,0,0,0,0,0,0,0,0,0,0,4269,5047,5427,5348,4788,3795,2695,2191,874,0,0,0,0,0,0,0,0,0,0,0,0,0,0,0
Not approved,NW04_Northwind Southbay,NW04_MAT-200857,MAT-200857,M8-NBR GASKET 18,0.441,PRESS_3,T-70017-B,PRJ-BETA-0395,P01_NW04_Northwind Southbay,MAT-200857,M8-NBR GASKET 18,0,0,0,0,0,0,0,0,0,0,3171,6212,5319,7415,5311,6250,3295,3107,1008,0,0,0,0,0,0,0,0,0,0,0,0,0,0,0,0,0,0
Not approved,Missing plant,_,,M8-NBR GASKET 18,Missing CT,Missing WC,Missing tool,PRJ-BETA-0690,,,,0,0,0,0,3483,3084,5889,7010,5603,4200,2343,1464,1129,0,0,0,0,0,0,0,0,0,0,0,0,0,0,0,0,0,0,0,0,0,0,0,0
Not approved,NW14_Northwind Oceania,NW14_MAT-200542,MAT-200542,M18-AFLAS GASKET 23,0.84,PRESS_1,T-70094-B,PRJ-BETA-0153,P01_NW14_Northwind Oceania,MAT-200542,M18-AFLAS GASKET 23,0,0,0,0,0,0,0,0,0,0,0,0,0,0,0,0,0,5768,7563,10286,13057,11137,8589,6820,3184,2117,0,0,0,0,0,0,0,0,0,0,0
Not approved,NW02_Northwind Heartland,NW02_MAT-200158,MAT-200158,M18-AFLAS GASKET 39,0.811,PRESS_3,T-70449-C,PRJ-OMEGA-0170,P01_NW02_Northwind Heartland,MAT-200158,M18-AFLAS GASKET 39,0,0,0,0,0,0,0,0,0,0,0,0,0,0,0,5270,5879,9258,13636,10380,5528,5083,4489,1942,0,0,0,0,0,0,0,0,0,0,0,0,0
Not approved,NW05_Northwind Pacific,NW05_MAT-200274,MAT-200274,M12-EPDM GASKET 35,0.671,ASSY_1,T-70125-B,PRJ-GAMMA-0034,P01_NW05_Northwind Pacific,MAT-200274,M12-EPDM GASKET 35,0,0,0,0,0,0,0,0,0,0,0,787,884,1109,1976,1667,975,697,490,302,0,0,0,0,0,0,0,0,0,0,0,0,0,0,0,0,0
Not approved,NW08_Northwind Iberia,NW08_MAT-200725,MAT-200725,M14-HNBR GASKET 06,0.576,PRESS_3,T-70676-D,PRJ-DELTA-0327,P01_NW08_Northwind Iberia,MAT-200725,M14-HNBR GASKET 06,0,0,0,0,0,0,4759,4237,6655,6858,6871,5266,4565,2469,1045,0,0,0,0,0,0,0,0,0,0,0,0,0,0,0,0,0,0,0,0,0,0
Not approved,NW02_Northwind Heartland,NW02_MAT-200299,MAT-200299,M6-FKM GASKET 20,0.359,LATHE_1,T-70541-C,PRJ-OMEGA-0297,P01_NW02_Northwind Heartland,MAT-200299,M6-FKM GASKET 20,0,0,0,0,0,0,0,0,0,0,0,0,0,0,0,0,0,0,0,0,0,3525,4255,8467,9102,6192,4426,4406,3319,1407,0,0,0,0,0,0,0
Not approved,NW02_Northwind Heartland,NW02_MAT-200253,MAT-200253,M14-HNBR GASKET 14,0.626,PRESS_3,T-70207-A,PRJ-ALPHA-0291,P01_NW02_Northwind Heartland,MAT-200253,M14-HNBR GASKET 14,0,0,0,0,0,0,0,0,0,0,0,0,0,4645,8573,9615,11993,8341,8095,6401,3282,1712,0,0,0,0,0,0,0,0,0,0,0,0,0,0,0
Not approved,NW04_Northwind Southbay,NW04_MAT-200402,MAT-200402,M12-EPDM GASKET 03,0.624,PRESS_2,T-70461-B,PRJ-OMEGA-0652,P01_NW04_Northwind Southbay,MAT-200402,M12-EPDM GASKET 03,0,0,0,0,0,0,0,1063,894,1599,1396,1200,1085,722,568,333,0,0,0,0,0,0,0,0,0,0,0,0,0,0,0,0,0,0,0,0,0
Not approved,NW04_Northwind Southbay,NW04_MAT-200182,MAT-200182,M18-AFLAS GASKET 23,0.798,PRESS_2,T-70365-A,PRJ-GAMMA-0337,P01_NW04_Northwind Southbay,MAT-200182,M18-AFLAS GASKET 23,0,0,0,0,0,0,0,0,0,0,0,0,0,0,0,2248,2440,2550,3514,2846,2933,2167,1284,566,0,0,0,0,0,0,0,0,0,0,0,0,0
Not approved,NW05_Northwind Pacific,NW05_MAT-200419,MAT-200419,M6-FKM GASKET 20,0.355,OVEN_1,T-70497-C,PRJ-ALPHA-0396,P01_NW05_Northwind Pacific,MAT-200419,M6-FKM GASKET 20,0,0,0,0,0,0,0,0,0,0,0,0,0,0,2888,4135,6901,8661,5983,5417,3119,2543,1532,0,0,0,0,0,0,0,0,0,0,0,0,0,0
Not approved,NW14_Northwind Oceania,NW14_MAT-200009,MAT-200009,M8-NBR GASKET 10,0.353,ASSY_1,T-70175-C,PRJ-BETA-0094,P01_NW14_Northwind Oceania,MAT-200009,M8-NBR GASKET 10,0,0,0,0,3096,5565,5833,7245,6570,4400,4249,2300,945,0,0,0,0,0,0,0,0,0,0,0,0,0,0,0,0,0,0,0,0,0,0,0,0
Not approved,NW08_Northwind Iberia,NW08_MAT-200489,MAT-200489,M8-NBR GASKET 10,0.351,PRESS_3,T-70054-A,PRJ-OMEGA-0284,P01_NW08_Northwind Iberia,MAT-200489,M8-NBR GASKET 10,0,0,0,0,0,1920,3498,3233,4526,3498,3281,1896,1248,807,0,0,0,0,0,0,0,0,0,0,0,0,0,0,0,0,0,0,0,0,0,0,0
Not approved,NW06_Northwind Southeast,NW06_MAT-200183,MAT-200183,M22-NBR GASKET 24,0.655,PRESS_2,T-70083-C,PRJ-ALPHA-0421,P01_NW06_Northwind Southeast,MAT-200183,M22-NBR GASKET 24,0,0,0,0,0,0,0,0,0,0,0,0,0,0,0,0,0,0,0,0,0,0,0,0,1544,1463,1704,2576,1671,1382,1118,717,382,0,0,0,0
Not approved,NW09_Northwind Alpine,NW09_MAT-200696,MAT-200696,M10-BFG GASKET 17,0.589,EXTRUSION_1,T-70328-D,PRJ-ALPHA-0673,P01_NW09_Northwind Alpine,MAT-200696,M10-BFG GASKET 17,0,0,0,0,0,0,0,0,0,0,0,0,0,0,0,0,0,0,3213,5850,7383,7848,6610,5438,3862,2413,1412,0,0,0,0,0,0,0,0,0,0
Not approved,NW15_Northwind Indochina,NW15_MAT-200093,MAT-200093,M14-HNBR GASKET 14,0.653,PRESS_3,T-70174-C,PRJ-EPSILON-0224,P01_NW15_Northwind Indochina,MAT-200093,M14-HNBR GASKET 14,0,0,0,0,0,0,0,0,0,0,0,0,0,0,0,0,0,0,0,0,0,0,0,0,0,0,0,0,4741,6616,7302,10075,5846,6002,3685,2837,1446
Not approved,NW06_Northwind Southeast,NW06_MAT-200595,MAT-200595,M6-FKM GASKET 36,0.273,PRESS_1,T-70602-B,PRJ-BETA-0588,P01_NW06_Northwind Southeast,MAT-200595,M6-FKM GASKET 36,0,0,0,0,0,0,0,0,0,0,0,0,0,0,0,0,0,0,0,0,0,0,6380,8902,9792,9151,10135,6097,4081,2889,1354,0,0,0,0,0,0
Not approved,NW02_Northwind Heartland,NW02_MAT-200173,MAT-200173,M14-HNBR GASKET 14,0.724,EXTRUSION_1,T-70082-C,PRJ-OMEGA-0418,P01_NW02_Northwind Heartland,MAT-200173,M14-HNBR GASKET 14,0,0,0,0,0,0,0,0,1468,2772,2521,4069,3028,2090,1454,990,667,0,0,0,0,0,0,0,0,0,0,0,0,0,0,0,0,0,0,0,0
Not approved,NW07_Northwind West Coast,NW07_MAT-200048,MAT-200048,M10-BFG GASKET 09,0.653,EXTRUSION_1,T-70438-B,PRJ-ALPHA-0698,P01_NW07_Northwind West Coast,MAT-200048,M10-BFG GASKET 09,0,0,0,0,0,0,0,0,0,0,0,0,0,0,0,0,0,0,0,0,0,0,0,0,0,0,0,0,0,1239,1534,1662,1770,1552,1177,785,808
Not approved,NW04_Northwind Southbay,NW04_MAT-200158,MAT-200158,M18-AFLAS GASKET 39,0.546,GRINDING_1,T-70685-D,PRJ-EPSILON-0100,P01_NW04_Northwind Southbay,MAT-200158,M18-AFLAS GASKET 39,0,0,0,0,0,1392,1788,1801,2086,1633,1218,1268,885,335,0,0,0,0,0,0,0,0,0,0,0,0,0,0,0,0,0,0,0,0,0,0,0
Not approved,NW06_Northwind Southeast,NW06_MAT-200609,MAT-200609,M8-NBR GASKET 10,0.485,ASSY_1,T-70011-C,PRJ-EPSILON-0303,P01_NW06_Northwind Southeast,MAT-200609,M8-NBR GASKET 10,0,0,0,0,0,3446,2906,3958,6932,5550,4580,2394,1578,1107,0,0,0,0,0,0,0,0,0,0,0,0,0,0,0,0,0,0,0,0,0,0,0
Not approved,Missing plant,_,,M10-BFG GASKET 17,Missing CT,Missing WC,Missing tool,PRJ-EPSILON-0096,,,,0,1396,2115,1782,1748,1535,1082,558,430,0,0,0,0,0,0,0,0,0,0,0,0,0,0,0,0,0,0,0,0,0,0,0,0,0,0,0,0
Not approved,NW15_Northwind Indochina,NW15_MAT-200363,MAT-200363,M6-FKM GASKET 04,0.285,PRESS_2,T-70141-C,PRJ-ALPHA-0522,P01_NW15_Northwind Indochina,MAT-200363,M6-FKM GASKET 04,0,0,0,0,0,0,0,0,0,0,4954,4893,5908,7399,7162,4723,4448,3396,1450,0,0,0,0,0,0,0,0,0,0,0,0,0,0,0,0,0,0
Not approved,NW11_Northwind Levant,NW11_MAT-200584,MAT-200584,M10-BFG GASKET 25,0.658,PRESS_3,T-70535-A,PRJ-EPSILON-0030,P01_NW11_Northwind Levant,MAT-200584,M10-BFG GASKET 25,0,0,0,0,0,0,0,0,0,0,0,0,0,0,0,0,0,0,0,0,575,487,834,855,797,535,422,357,131,0,0,0,0,0,0,0,0
Not approved,NW12_Northwind Cerrado,NW12_MAT-200155,MAT-200155,M6-FKM GASKET 36,0.305,PRESS_1,T-70030-C,PRJ-DELTA-0556,P01_NW12_Northwind Cerrado,MAT-200155,M6-FKM GASKET 36,0,0,0,0,0,0,0,0,0,0,0,0,0,0,0,0,0,0,0,0,0,0,0,0,0,0,0,0,0,0,4153,4308,5484,6668,4656,3678,3715
Not approved,NW07_Northwind West Coast,NW07_MAT-200354,MAT-200354,M12-EPDM GASKET 35,0.491,EXTRUSION_1,T-70318-D,PRJ-BETA-0582,P01_NW07_Northwind West Coast,MAT-200354,M12-EPDM GASKET 35,0,0,0,0,0,0,0,0,0,0,0,0,0,0,0,0,0,0,0,0,0,0,0,0,0,0,0,4902,5312,6722,8334,8471,6578,3844,3142,1198,0
Not approved,NW06_Northwind Southeast,NW06_MAT-200780,MAT-200780,M20-SILI GASKET 21,0.618,PRESS_3,T-70486-B,PRJ-OMEGA-0235,P01_NW06_Northwind Southeast,MAT-200780,M20-SILI GASKET 21,0,0,0,0,0,0,0,0,0,0,0,0,0,0,0,0,0,0,0,0,0,0,0,5190,6065,9146,9646,9582,5697,5210,2781,1412,0,0,0,0,0
Not approved,Missing plant,_,,M20-SILI GASKET 29,Missing CT,Missing WC,Missing tool,PRJ-DELTA-0111,,,,0,0,0,0,0,0,0,0,0,0,0,0,0,0,0,0,0,0,5462,8461,7950,9735,10211,6508,4631,2960,1426,0,0,0,0,0,0,0,0,0,0
Not approved,NW08_Northwind Iberia,NW08_MAT-200445,MAT-200445,M14-HNBR GASKET 06,0.455,PRESS_3,T-70348-D,PRJ-DELTA-0563,P01_NW08_Northwind Iberia,MAT-200445,M14-HNBR GASKET 06,0,0,0,0,0,0,0,0,0,0,0,0,0,0,0,0,0,0,0,0,0,0,0,0,0,0,0,0,979,1674,2195,2199,2584,1400,1431,665,457
Not approved,NW06_Northwind Southeast,NW06_MAT-200518,MAT-200518,M18-AFLAS GASKET 39,0.802,PRESS_3,T-70590-A,PRJ-BETA-0498,P01_NW06_Northwind Southeast,MAT-200518,M18-AFLAS GASKET 39,0,0,0,0,0,0,0,0,0,0,0,0,0,0,0,0,0,0,0,0,0,0,0,0,0,0,0,0,0,6244,5344,9424,12481,9286,6910,5892,3561
Not approved,NW08_Northwind Iberia,NW08_MAT-200389,MAT-200389,M14-HNBR GASKET 30,0.643,PRESS_1,T-70357-D,PRJ-GAMMA-0081,P01_NW08_Northwind Iberia,MAT-200389,M14-HNBR GASKET 30,0,0,0,0,0,0,0,0,0,0,0,0,0,0,5752,7256,9638,11128,11043,5549,5795,3792,1459,0,0,0,0,0,0,0,0,0,0,0,0,0,0
Not approved,NW04_Northwind Southbay,NW04_MAT-200737,MAT-200737,M8-NBR GASKET 18,0.471,PRESS_3,T-70644-D,PRJ-BETA-0018,P01_NW04_Northwind Southbay,MAT-200737,M8-NBR GASKET 18,0,0,0,0,0,0,0,0,0,0,0,0,0,0,1511,3001,3039,2942,2463,2394,1803,1442,641,0,0,0,0,0,0,0,0,0,0,0,0,0,0
Not approved,NW07_Northwind West Coast,NW07_MAT-200236,MAT-200236,M20-SILI GASKET 37,0.934,PRESS_1,T-70601-B,PRJ-DELTA-0563,P01_NW07_Northwind West Coast,MAT-200236,M20-SILI GASKET 37,0,0,0,0,0,0,0,0,0,0,0,0,0,0,0,0,0,0,0,0,0,1489,2928,2356,4160,2649,2725,1725,1424,761,0,0,0,0,0,0,0
Not approved,NW03_Northwind Carpathia,NW03_MAT-200629,MAT-200629,M14-HNBR GASKET 30,0.46,GRINDING_1,T-70031-C,PRJ-BETA-0674,P01_NW03_Northwind Carpathia,MAT-200629,M14-HNBR GASKET 30,0,0,0,0,0,0,0,0,0,0,0,0,0,0,0,4569,4881,7599,10414,6477,4869,5317,2698,1316,0,0,0,0,0,0,0,0,0,0,0,0,0
Not approved,NW12_Northwind Cerrado,NW12_MAT-200807,MAT-200807,M22-NBR GASKET 08,0.607,GRINDING_1,T-70588-D,PRJ-BETA-0260,P01_NW12_Northwind Cerrado,MAT-200807,M22-NBR GASKET 08,0,0,0,0,0,0,0,0,0,0,0,0,0,0,0,0,0,0,0,0,0,0,0,0,4987,7725,9319,9417,7830,7099,6706,3475,1834,0,0,0,0
Not approved,NW07_Northwind West Coast,NW07_MAT-200208,MAT-200208,M10-BFG GASKET 09,0.587,PRESS_1,T-70193-B,PRJ-EPSILON-0348,P01_NW07_Northwind West Coast,MAT-200208,M10-BFG GASKET 09,0,0,0,0,0,0,0,0,0,0,0,0,0,0,0,3024,4193,4883,9307,5534,5922,3149,1969,1358,0,0,0,0,0,0,0,0,0,0,0,0,0
Not approved,NW04_Northwind Southbay,NW04_MAT-200121,MAT-200121,M8-NBR GASKET 02,0.395,PRESS_3,T-70161-D,PRJ-BETA-0582,P01_NW04_Northwind Southbay,MAT-200121,M8-NBR GASKET 02,0,0,0,0,0,0,0,0,0,0,0,0,2761,4081,6881,5740,7101,3950,3392,2888,1304,0,0,0,0,0,0,0,0,0,0,0,0,0,0,0,0
Not approved,NW01_Northwind Midwest,NW01_MAT-200321,MAT-200321,M8-NBR GASKET 02,0.343,PRESS_1,T-70074-B,PRJ-EPSILON-0332,P01_NW01_Northwind Midwest,MAT-200321,M8-NBR GASKET 02,0,0,0,0,0,5120,7126,5485,9544,8228,6070,5193,2761,1812,0,0,0,0,0,0,0,0,0,0,0,0,0,0,0,0,0,0,0,0,0,0,0
Not approved,NW01_Northwind Midwest,NW01_MAT-200262,MAT-200262,M18-AFLAS GASKET 23,0.654,EXTRUSION_1,T-70026-A,PRJ-BETA-0560,P01_NW01_Northwind Midwest,MAT-200262,M18-AFLAS GASKET 23,0,526,957,1025,1430,1176,1049,612,393,262,0,0,0,0,0,0,0,0,0,0,0,0,0,0,0,0,0,0,0,0,0,0,0,0,0,0,0
Not approved,NW07_Northwind West Coast,NW07_MAT-200042,MAT-200042,M12-EPDM GASKET 03,0.652,EXTRUSION_1,T-70518-C,PRJ-EPSILON-0324,P01_NW07_Northwind West Coast,MAT-200042,M12-EPDM GASKET 03,0,0,0,0,0,0,0,0,0,0,0,0,0,0,0,0,0,0,0,0,0,0,0,0,0,410,502,931,1090,794,632,485,340,160,0,0,0
Not approved,NW07_Northwind West Coast,NW07_MAT-200005,MAT-200005,M14-HNBR GASKET 06,0.607,EXTRUSION_1,T-70430-A,PRJ-ALPHA-0602,P01_NW07_Northwind West Coast,MAT-200005,M14-HNBR GASKET 06,0,0,0,0,0,0,0,0,0,0,0,0,0,0,0,0,0,5043,7668,7382,8889,7401,7071,4576,3752,1456,0,0,0,0,0,0,0,0,0,0,0
Not approved,NW12_Northwind Cerrado,NW12_MAT-200513,MAT-200513,M8-NBR GASKET 34,0.514,ASSY_1,T-70081-B,PRJ-BETA-0599,P01_NW12_Northwind Cerrado,MAT-200513,M8-NBR GASKET 34,0,0,0,0,0,0,0,0,0,0,0,2456,3215,2927,3060,2718,2774,2131,1468,513,0,0,0,0,0,0,0,0,0,0,0,0,0,0,0,0,0
Not approved,Missing plant,_,,M6-FKM GASKET 04,Missing CT,Missing WC,Missing tool,PRJ-OMEGA-0194,,,,0,0,0,0,0,0,0,0,0,0,0,0,0,0,0,0,0,0,0,0,0,0,0,0,0,0,0,0,0,5033,6559,6917,9601,8010,7627,3823,3158
Not approved,NW02_Northwind Heartland,NW02_MAT-100393,MAT-100393,MX200/PL.44 304TL 0.8mm,1.117,EXTRUSION_1,T-70638-C,PRJ-BETA-0599,P01_NW02_Northwind Heartland,MAT-100393,MX200/PL.44 304TL 0.8mm,0,0,0,0,0,0,0,0,0,0,0,0,0,0,0,0,0,0,0,0,7314,6798,11163,14001,7461,8458,4699,4810,1652,0,0,0,0,0,0,0,0
Not approved,NW01_Northwind Midwest,NW01_MAT-100863,MAT-100863,HT80/PL.14 304TL 0.4mm,1.499,PRESS_5,T-70466-A,PRJ-OMEGA-0170,P01_NW01_Northwind Midwest,MAT-100863,HT80/PL.14 304TL 0.4mm,0,0,0,0,0,0,0,0,0,0,0,844,1055,1222,1715,1079,1075,680,477,200,0,0,0,0,0,0,0,0,0,0,0,0,0,0,0,0,0
Not approved,Missing plant,_,,S160/PL.16 304TL 0.3mm,Missing CT,Missing WC,Missing tool,PRJ-DELTA-0335,,,,0,0,0,0,0,5225,4511,5502,8978,6596,5498,3641,2689,1545,0,0,0,0,0,0,0,0,0,0,0,0,0,0,0,0,0,0,0,0,0,0,0
Not approved,NW06_Northwind Southeast,NW06_MAT-200777,MAT-200777,M8-NBR GASKET 18,0.406,PRESS_2,T-70198-A,PRJ-ALPHA-0349,P01_NW06_Northwind Southeast,MAT-200777,M8-NBR GASKET 18,0,0,0,0,0,0,0,0,0,0,0,0,0,0,0,0,0,0,0,0,0,0,0,0,0,0,0,0,0,0,1590,2055,2486,3236,1837,1852,1168
Not approved,NW02_Northwind Heartland,NW02_MAT-101145,MAT-101145,XL520/PL.46 304TL 0.8mm,1.836,PRESS_6,T-70564-A,PRJ-DELTA-0406,P01_NW02_Northwind Heartland,MAT-101145,XL520/PL.46 304TL 0.8mm,0,0,0,0,0,0,0,0,0,0,0,0,0,0,0,0,0,0,0,0,0,0,0,0,0,0,0,0,0,6084,8331,10398,11581,10666,9459,6016,3409
Not approved,NW06_Northwind Southeast,NW06_MAT-200836,MAT-200836,M20-SILI GASKET 37,0.789,PRESS_3,T-70657-C,PRJ-DELTA-0278,P01_NW06_Northwind Southeast,MAT-200836,M20-SILI GASKET 37,0,0,0,0,0,0,0,0,0,0,0,0,0,0,0,0,0,0,0,0,0,0,0,1075,1455,1805,1797,1373,917,1132,602,291,0,0,0,0,0
Not approved,NW12_Northwind Cerrado,NW12_MAT-101037,MAT-101037,XL520/PL.38 304TL 0.8mm,1.888,PRESS_3,T-70185-A,PRJ-BETA-0705,P01_NW12_Northwind Cerrado,MAT-101037,XL520/PL.38 304TL 0.8mm,0,0,0,0,0,0,0,0,0,0,0,0,0,0,0,0,0,0,0,0,0,0,0,0,0,0,0,0,0,0,5381,6197,7210,7825,10353,5279,5787
Not approved,NW07_Northwind West Coast,NW07_MAT-101300,MAT-101300,XL420/PL.01 304TL 0.7mm,1.983,PRESS_5,T-70028-A,PRJ-OMEGA-0641,P01_NW07_Northwind West Coast,MAT-101300,XL420/PL.01 304TL 0.7mm,0,0,0,0,0,0,0,0,0,0,0,0,0,0,0,0,0,0,0,0,0,0,0,4350,5984,6390,8620,8201,5048,4494,2393,1272,0,0,0,0,0
Not approved,NW13_Northwind Andes,NW13_MAT-100203,MAT-100203,HT80/PL.04 304TL 0.5mm,1.391,PRESS_4,T-70199-A,PRJ-GAMMA-0034,P01_NW13_Northwind Andes,MAT-100203,HT80/PL.04 304TL 0.5mm,0,0,0,0,0,0,0,0,0,0,0,0,0,0,0,0,0,0,0,0,0,0,0,0,0,0,0,0,0,5227,5060,6101,8841,7492,6430,3886,2333
Not approved,NW01_Northwind Midwest,NW01_MAT-100286,MAT-100286,MX250/PL.37 304TL 0.4mm,1.459,PRESS_1,T-70487-A,PRJ-OMEGA-0682,P01_NW01_Northwind Midwest,MAT-100286,MX250/PL.37 304TL 0.4mm,0,0,0,4075,4934,4528,7410,4629,4293,3988,1932,883,0,0,0,0,0,0,0,0,0,0,0,0,0,0,0,0,0,0,0,0,0,0,0,0,0
Not approved,NW08_Northwind Iberia,NW08_MAT-100864,MAT-100864,S62/PL.15 304TL 0.8mm,0.974,PRESS_4,T-70173-C,PRJ-DELTA-0046,P01_NW08_Northwind Iberia,MAT-100864,S62/PL.15 304TL 0.8mm,0,0,0,0,0,0,0,0,0,0,0,0,0,0,0,0,0,0,0,0,0,2329,3158,4105,4097,3967,2957,2891,1268,831,0,0,0,0,0,0,0
Not approved,NW02_Northwind Heartland,NW02_MAT-101159,MAT-101159,PRO-12X/PL.10 304TL 0.6mm,1.712,EXTRUSION_1,T-70665-A,PRJ-EPSILON-0706,P01_NW02_Northwind Heartland,MAT-101159,PRO-12X/PL.10 304TL 0.6mm,0,0,0,0,0,0,0,0,0,0,0,0,0,0,0,0,0,0,0,0,0,0,0,0,5664,6710,8002,12164,10567,5275,6414,3308,1564,0,0,0,0
Not approved,NW15_Northwind Indochina,NW15_MAT-100082,MAT-100082,MX250/PL.33 304TL 0.8mm,1.352,PRESS_2,T-70591-C,PRJ-OMEGA-0407,P01_NW15_Northwind Indochina,MAT-100082,MX250/PL.33 304TL 0.8mm,0,0,0,0,0,0,0,0,0,0,0,0,0,0,0,0,0,3081,5109,6629,7087,6767,4137,3132,1817,1175,0,0,0,0,0,0,0,0,0,0,0
Not approved,NW13_Northwind Andes,NW13_MAT-100386,MAT-100386,S140/PL.37 304TL 0.5mm,1.078,PRESS_4,T-70443-B,PRJ-BETA-0451,P01_NW13_Northwind Andes,MAT-100386,S140/PL.37 304TL 0.5mm,0,0,0,0,0,0,5574,8257,10267,12789,10389,7251,5689,2989,2344,0,0,0,0,0,0,0,0,0,0,0,0,0,0,0,0,0,0,0,0,0,0
Not approved,NW10_Northwind Baltics,NW10_MAT-100893,MAT-100893,XL520/PL.44 304TL 0.6mm,2.049,PRESS_4,T-70008-A,PRJ-GAMMA-0475,P01_NW10_Northwind Baltics,MAT-100893,XL520/PL.44 304TL 0.6mm,0,0,0,0,0,0,0,0,0,3349,5353,7614,6298,7560,4773,3328,3019,1293,0,0,0,0,0,0,0,0,0,0,0,0,0,0,0,0,0,0,0
Not approved,NW03_Northwind Carpathia,NW03_MAT-200366,MAT-200366,M18-AFLAS GASKET 07,0.768,OVEN_1,T-70511-A,PRJ-OMEGA-0339,P01_NW03_Northwind Carpathia,MAT-200366,M18-AFLAS GASKET 07,0,0,0,0,0,0,0,0,0,0,4649,6503,8429,8617,7138,7692,4049,2746,1965,0,0,0,0,0,0,0,0,0,0,0,0,0,0,0,0,0,0
Not approved,NW10_Northwind Baltics,NW10_MAT-200550,MAT-200550,M18-AFLAS GASKET 31,0.691,PRESS_2,T-70349-D,PRJ-DELTA-0251,P01_NW10_Northwind Baltics,MAT-200550,M18-AFLAS GASKET 31,0,0,0,0,0,0,0,0,0,0,0,0,504,651,1125,978,802,703,691,324,209,0,0,0,0,0,0,0,0,0,0,0,0,0,0,0,0
Not approved,NW15_Northwind Indochina,NW15_MAT-101091,MAT-101091,HT80/PL.42 304TL 0.4mm,1.904,PRESS_5,T-70373-A,PRJ-ALPHA-0624,P01_NW15_Northwind Indochina,MAT-101091,HT80/PL.42 304TL 0.4mm,0,0,0,0,0,0,0,0,0,3559,4172,6390,8178,7864,5748,3182,2210,1320,0,0,0,0,0,0,0,0,0,0,0,0,0,0,0,0,0,0,0
Not approved,NW01_Northwind Midwest,NW01_MAT-101391,MAT-101391,HT80/PL.42 304TL 0.4mm,1.461,PRESS_6,T-70144-C,PRJ-ALPHA-0390,P01_NW01_Northwind Midwest,MAT-101391,HT80/PL.42 304TL 0.4mm,0,0,0,0,0,0,0,0,0,0,0,0,0,0,0,0,2432,4195,4965,7007,3683,4501,3181,1500,1024,0,0,0,0,0,0,0,0,0,0,0,0
Not approved,NW04_Northwind Southbay,NW04_MAT-101174,MAT-101174,MX250/PL.25 304TL 0.7mm,0.906,PRESS_1,T-70289-A,PRJ-OMEGA-0002,P01_NW04_Northwind Southbay,MAT-101174,MX250/PL.25 304TL 0.7mm,0,0,0,0,0,0,0,0,0,0,0,0,0,0,0,0,0,0,752,1252,1370,1446,1567,1269,933,532,273,0,0,0,0,0,0,0,0,0,0
Not approved,NW13_Northwind Andes,NW13_MAT-200317,MAT-200317,M14-HNBR GASKET 38,0.531,PRESS_2,T-70503-C,PRJ-DELTA-0468,P01_NW13_Northwind Andes,MAT-200317,M14-HNBR GASKET 38,0,0,0,0,0,0,0,0,0,0,0,0,0,0,0,0,0,0,0,2516,3955,6248,5503,4897,3389,3744,2247,870,0,0,0,0,0,0,0,0,0
Not approved,NW14_Northwind Oceania,NW14_MAT-100549,MAT-100549,MX200/PL.50 304TL 0.5mm,0.992,PRESS_1,T-70271-D,PRJ-OMEGA-0427,P01_NW14_Northwind Oceania,MAT-100549,MX200/PL.50 304TL 0.5mm,0,0,0,0,0,0,0,0,0,6283,8199,11089,10243,8352,7074,4113,4064,1412,0,0,0,0,0,0,0,0,0,0,0,0,0,0,0,0,0,0,0
Not approved,NW05_Northwind Pacific,NW05_MAT-200047,MAT-200047,M22-NBR GASKET 08,0.691,GRINDING_1,T-70611-D,PRJ-EPSILON-0286,P01_NW05_Northwind Pacific,MAT-200047,M22-NBR GASKET 08,0,0,0,0,0,0,0,0,0,0,0,0,0,0,0,0,0,0,0,0,0,0,0,0,0,0,0,4628,7318,5842,10956,6071,5586,4202,3215,1377,0
Not approved,NW06_Northwind Southeast,NW06_MAT-100698,MAT-100698,S140/PL.49 304TL 0.8mm,1.28,PRESS_4,T-70168-D,PRJ-ALPHA-0421,P01_NW06_Northwind Southeast,MAT-100698,S140/PL.49 304TL 0.8mm,0,0,0,0,581,790,786,1213,1034,662,429,459,199,0,0,0,0,0,0,0,0,0,0,0,0,0,0,0,0,0,0,0,0,0,0,0,0
Not approved,NW08_Northwind Iberia,NW08_MAT-100731,MAT-100731,HT80/PL.32 304TL 0.5mm,1.766,PRESS_4,T-70029-B,PRJ-BETA-0298,P01_NW08_Northwind Iberia,MAT-100731,HT80/PL.32 304TL 0.5mm,0,0,2668,3459,2686,3219,4069,3454,1775,1301,688,0,0,0,0,0,0,0,0,0,0,0,0,0,0,0,0,0,0,0,0,0,0,0,0,0,0
Not approved,NW10_Northwind Baltics,NW10_MAT-100592,MAT-100592,XL420/PL.43 304TL 0.8mm,2.419,PRESS_4,T-70362-A,PRJ-DELTA-0210,P01_NW10_Northwind Baltics,MAT-100592,XL420/PL.43 304TL 0.8mm,0,0,0,0,0,0,0,0,0,0,0,0,0,0,0,0,0,0,0,0,0,0,0,0,0,0,0,0,0,0,2309,2759,3218,6366,4200,3412,2025
Not approved,NW04_Northwind Southbay,NW04_MAT-200474,MAT-200474,M12-EPDM GASKET 35,0.714,GRINDING_1,T-70357-D,PRJ-ALPHA-0622,P01_NW04_Northwind Southbay,MAT-200474,M12-EPDM GASKET 35,0,0,0,0,0,0,0,0,0,0,0,0,0,0,1052,1421,2377,2130,2178,1827,903,918,449,0,0,0,0,0,0,0,0,0,0,0,0,0,0
Not approved,NW12_Northwind Cerrado,NW12_MAT-100422,MAT-100422,S140/PL.23 304TL 0.5mm,1.563,PRESS_2,T-70453-B,PRJ-BETA-0518,P01_NW12_Northwind Cerrado,MAT-100422,S140/PL.23 304TL 0.5mm,0,0,0,0,0,0,0,0,0,0,0,5759,7344,7122,7428,5864,4781,4736,2792,1282,0,0,0,0,0,0,0,0,0,0,0,0,0,0,0,0,0
Not approved,NW12_Northwind Cerrado,NW12_MAT-100263,MAT-100263,HT80/PL.14 304TL 0.6mm,1.835,PRESS_3,T-70502-B,PRJ-OMEGA-0452,P01_NW12_Northwind Cerrado,MAT-100263,HT80/PL.14 304TL 0.6mm,0,0,0,0,0,0,0,0,0,0,0,0,0,0,0,0,0,0,0,0,0,0,463,792,753,1115,1147,773,539,354,153,0,0,0,0,0,0
Not approved,NW02_Northwind Heartland,NW02_MAT-200235,MAT-200235,M6-FKM GASKET 36,0.409,PRESS_3,T-70036-B,PRJ-OMEGA-0230,P01_NW02_Northwind Heartland,MAT-200235,M6-FKM GASKET 36,0,0,0,0,0,0,0,0,0,0,0,0,0,0,0,0,0,0,4780,5872,5874,9889,7796,4079,4369,2979,1489,0,0,0,0,0,0,0,0,0,0
Not approved,NW09_Northwind Alpine,NW09_MAT-200702,MAT-200702,M18-AFLAS GASKET 23,0.781,GRINDING_1,T-70364-D,PRJ-EPSILON-0119,P01_NW09_Northwind Alpine,MAT-200702,M18-AFLAS GASKET 23,0,0,0,0,0,0,0,0,0,0,0,0,5439,7332,7252,12691,11205,6681,5097,2942,1604,0,0,0,0,0,0,0,0,0,0,0,0,0,0,0,0
Not approved,NW04_Northwind Southbay,NW04_MAT-101039,MAT-101039,PRO-12X/PL.40 304TL 0.4mm,1.62,GRINDING_1,T-70605-A,PRJ-ALPHA-0010,P01_NW04_Northwind Southbay,MAT-101039,PRO-12X/PL.40 304TL 0.4mm,0,0,0,0,0,0,0,0,0,0,0,0,0,0,2510,2385,2720,4946,3701,2510,2461,1561,786,0,0,0,0,0,0,0,0,0,0,0,0,0,0
Not approved,NW06_Northwind Southeast,NW06_MAT-100643,MAT-100643,PRO-12X/PL.44 304TL 0.5mm,1.418,PRESS_3,T-70367-C,PRJ-EPSILON-0319,P01_NW06_Northwind Southeast,MAT-100643,PRO-12X/PL.44 304TL 0.5mm,0,0,0,0,0,0,0,0,0,0,0,0,0,0,0,0,0,0,0,0,0,0,0,0,0,0,0,0,0,0,1255,1516,2102,2322,2604,1477,1587
Not approved,NW15_Northwind Indochina,NW15_MAT-100611,MAT-100611,HT80/PL.12 304TL 0.7mm,1.973,PRESS_5,T-70477-A,PRJ-OMEGA-0025,P01_NW15_Northwind Indochina,MAT-100611,HT80/PL.12 304TL 0.7mm,0,0,0,0,0,6266,8030,11441,13979,7461,7109,4692,3234,1982,0,0,0,0,0,0,0,0,0,0,0,0,0,0,0,0,0,0,0,0,0,0,0
Not approved,NW01_Northwind Midwest,NW01_MAT-101017,MAT-101017,MX200/PL.18 304TL 0.6mm,1.159,PRESS_3,T-70123-A,PRJ-EPSILON-0404,P01_NW01_Northwind Midwest,MAT-101017,MX200/PL.18 304TL 0.6mm,0,0,0,0,0,0,0,0,0,0,0,0,0,0,0,0,0,0,0,0,0,0,0,0,0,0,0,0,0,5488,7672,8922,8392,7709,6522,6175,3355
Not approved,NW03_Northwind Carpathia,NW03_MAT-101094,MAT-101094,S140/PL.45 304TL 0.3mm,1.291,PRES_8_1,T-70038-A,PRJ-GAMMA-0414,P01_NW03_Northwind Carpathia,MAT-101094,S140/PL.45 304TL 0.3mm,0,0,0,0,0,0,0,0,0,0,0,0,0,0,0,0,0,0,0,0,0,0,0,0,0,4773,7009,8059,6942,6268,7053,5330,3010,1546,0,0,0
Not approved,NW13_Northwind Andes,NW13_MAT-100246,MAT-100246,PRO-9X/PL.47 304TL 0.5mm,1.725,PRESS_3,T-70255-D,PRJ-BETA-0157,P01_NW13_Northwind Andes,MAT-100246,PRO-9X/PL.47 304TL 0.5mm,0,0,0,0,0,0,0,0,0,0,0,0,0,0,0,0,0,0,0,0,0,0,0,0,0,0,0,0,0,2796,3299,5349,4692,4562,2999,2301,1884
Not approved,NW09_Northwind Alpine,NW09_MAT-100794,MAT-100794,S140/PL.45 304TL 0.5mm,1.121,EXTRUSION_1,T-70393-B,PRJ-ALPHA-0681,P01_NW09_Northwind Alpine,MAT-100794,S140/PL.45 304TL 0.5mm,0,0,0,0,0,0,0,0,3685,5270,7103,8142,5770,4726,3578,2911,1447,0,0,0,0,0,0,0,0,0,0,0,0,0,0,0,0,0,0,0,0
Not approved,NW01_Northwind Midwest,NW01_MAT-101487,MAT-101487,HT80/PL.38 304TL 0.4mm,1.993,PRESS_5,T-70400-A,PRJ-DELTA-0163,P01_NW01_Northwind Midwest,MAT-101487,HT80/PL.38 304TL 0.4mm,0,0,0,0,0,0,0,0,0,0,0,0,0,0,0,0,0,0,0,0,0,0,0,0,0,0,6161,8103,7009,11384,9498,7378,5681,3709,1521,0,0
Not approved,NW12_Northwind Cerrado,NW12_MAT-200128,MAT-200128,M10-BFG GASKET 09,0.538,ASSY_1,T-70208-A,PRJ-EPSILON-0024,P01_NW12_Northwind Cerrado,MAT-200128,M10-BFG GASKET 09,0,0,0,0,0,0,0,4799,5798,8401,9602,8801,5393,4453,2407,1649,0,0,0,0,0,0,0,0,0,0,0,0,0,0,0,0,0,0,0,0,0
Not approved,NW11_Northwind Levant,NW11_MAT-101292,MAT-101292,MX100/PL.43 304TL 0.4mm,1.487,PRESS_1,T-70561-C,PRJ-ALPHA-0390,P01_NW11_Northwind Levant,MAT-101292,MX100/PL.43 304TL 0.4mm,0,0,3273,2814,3859,4893,4683,3217,2987,1630,898,0,0,0,0,0,0,0,0,0,0,0,0,0,0,0,0,0,0,0,0,0,0,0,0,0,0
Not approved,NW10_Northwind Baltics,NW10_MAT-101068,MAT-101068,S62/PL.19 304TL 0.6mm,1.178,PRESS_3,T-70282-D,PRJ-ALPHA-0423,P01_NW10_Northwind Baltics,MAT-101068,S62/PL.19 304TL 0.6mm,0,0,0,0,0,0,0,0,0,0,0,0,0,0,0,0,0,0,0,0,0,0,0,0,0,4208,5689,8057,11282,7698,5425,4476,3173,1219,0,0,0
Not approved,NW07_Northwind West Coast,NW07_MAT-100003,MAT-100003,S160/PL.04 304TL 0.4mm,1.521,PRESS_3,T-70484-C,PRJ-ALPHA-0188,P01_NW07_Northwind West Coast,MAT-100003,S160/PL.04 304TL 0.4mm,0,0,0,0,0,1143,1711,1374,2353,1781,1678,1350,902,397,0,0,0,0,0,0,0,0,0,0,0,0,0,0,0,0,0,0,0,0,0,0,0
Not approved,NW08_Northwind Iberia,NW08_MAT-100252,MAT-100252,S62/PL.03 304TL 0.4mm,0.942,ASSY_1,T-70233-C,PRJ-DELTA-0064,P01_NW08_Northwind Iberia,MAT-100252,S62/PL.03 304TL 0.4mm,0,0,0,0,0,0,0,0,0,0,0,1114,1218,1213,2239,1590,1058,1028,652,345,0,0,0,0,0,0,0,0,0,0,0,0,0,0,0,0,0
Not approved,NW08_Northwind Iberia,NW08_MAT-200166,MAT-200166,M18-AFLAS GASKET 07,0.567,PRESS_1,T-70688-A,PRJ-BETA-0543,P01_NW08_Northwind Iberia,MAT-200166,M18-AFLAS GASKET 07,0,0,0,0,0,0,0,0,0,0,0,0,0,0,0,0,0,0,0,0,0,830,1070,1754,1654,1700,1284,969,586,232,0,0,0,0,0,0,0
Not approved,NW11_Northwind Levant,NW11_MAT-101428,MAT-101428,S62/PL.29 304TL 0.3mm,1.19,PRESS_2,T-70319-B,PRJ-DELTA-0565,P01_NW11_Northwind Levant,MAT-101428,S62/PL.29 304TL 0.3mm,0,0,0,0,0,0,0,0,0,0,0,0,0,0,0,0,0,0,0,0,0,0,0,0,0,0,0,0,0,0,5116,6279,9669,8617,8914,5619,5793
Not approved,NW11_Northwind Levant,NW11_MAT-100911,MAT-100911,HT80/PL.12 304TL 0.8mm,1.624,PRESS_4,T-70610-C,PRJ-DELTA-0689,P01_NW11_Northwind Levant,MAT-100911,HT80/PL.12 304TL 0.8mm,0,0,0,0,0,0,0,0,0,0,0,0,0,0,0,0,0,0,0,0,0,0,0,0,0,0,0,0,4627,6180,8084,9107,8252,6236,5785,2998,1946
Not approved,NW08_Northwind Iberia,NW08_MAT-101371,MAT-101371,S160/PL.22 304TL 0.4mm,1.131,ASSY_1,T-70416-C,PRJ-ALPHA-0126,P01_NW08_Northwind Iberia,MAT-101371,S160/PL.22 304TL 0.4mm,0,0,0,0,0,0,0,0,0,0,0,885,1105,1632,2090,1992,1130,780,785,410,0,0,0,0,0,0,0,0,0,0,0,0,0,0,0,0,0
Not approved,NW04_Northwind Southbay,NW04_MAT-200813,MAT-200813,M14-HNBR GASKET 14,0.572,PRESS_1,T-70263-D,PRJ-OMEGA-0129,P01_NW04_Northwind Southbay,MAT-200813,M14-HNBR GASKET 14,0,0,0,0,0,4740,7135,10394,10134,9003,8834,6736,3388,2017,0,0,0,0,0,0,0,0,0,0,0,0,0,0,0,0,0,0,0,0,0,0,0
Not approved,NW05_Northwind Pacific,NW05_MAT-200672,MAT-200672,M10-BFG GASKET 33,0.606,OVEN_1,T-70253-C,PRJ-GAMMA-0463,P01_NW05_Northwind Pacific,MAT-200672,M10-BFG GASKET 33,0,0,0,0,0,0,0,0,0,0,0,0,0,0,0,0,0,4189,4545,7943,10331,8081,4786,3554,3510,1230,0,0,0,0,0,0,0,0,0,0,0
Not approved,NW02_Northwind Heartland,NW02_MAT-101296,MAT-101296,S62/PL.47 304TL 0.4mm,1.335,PRESS_5,T-70662-A,PRJ-OMEGA-0155,P01_NW02_Northwind Heartland,MAT-101296,S62/PL.47 304TL 0.4mm,0,0,0,0,0,0,0,0,6234,6434,7923,11795,11363,6162,5472,3488,1745,0,0,0,0,0,0,0,0,0,0,0,0,0,0,0,0,0,0,0,0
Not approved,NW05_Northwind Pacific,NW05_MAT-101014,MAT-101014,PRO-9X/PL.15 304TL 0.4mm,1.831,PRESS_1,T-70649-D,PRJ-EPSILON-0036,P01_NW05_Northwind Pacific,MAT-101014,PRO-9X/PL.15 304TL 0.4mm,0,0,0,0,0,0,0,0,0,0,0,0,0,0,0,0,0,0,0,0,0,0,5854,5554,9983,12138,10703,5818,4908,3179,1556,0,0,0,0,0,0
Not approved,NW01_Northwind Midwest,NW01_MAT-200514,MAT-200514,M12-EPDM GASKET 35,0.499,GRINDING_1,T-70268-C,PRJ-DELTA-0545,P01_NW01_Northwind Midwest,MAT-200514,M12-EPDM GASKET 35,0,0,0,0,0,0,0,0,0,0,0,0,0,0,0,0,0,0,0,0,0,4611,6347,9160,10122,7234,7148,5282,2700,1406,0,0,0,0,0,0,0
Not approved,NW13_Northwind Andes,NW13_MAT-100834,MAT-100834,PRO-9X/PL.35 304TL 0.4mm,1.935,PRESS_1,T-70633-D,PRJ-OMEGA-0566,P01_NW13_Northwind Andes,MAT-100834,PRO-9X/PL.35 304TL 0.4mm,0,0,361,535,858,767,773,591,435,373,129,0,0,0,0,0,0,0,0,0,0,0,0,0,0,0,0,0,0,0,0,0,0,0,0,0,0
Not approved,NW06_Northwind Southeast,NW06_MAT-200098,MAT-200098,M12-EPDM GASKET 19,0.62,PRESS_3,T-70695-C,PRJ-BETA-0549,P01_NW06_Northwind Southeast,MAT-200098,M12-EPDM GASKET 19,0,0,0,0,0,0,0,0,0,0,0,0,0,0,0,0,0,0,0,0,0,0,0,4261,4356,8247,8872,7182,4622,5084,3082,1519,0,0,0,0,0
Not approved,NW09_Northwind Alpine,NW09_MAT-100391,MAT-100391,PRO-12X/PL.42 304TL 0.4mm,1.923,PRESS_3,T-70476-C,PRJ-OMEGA-0652,P01_NW09_Northwind Alpine,MAT-100391,PRO-12X/PL.42 304TL 0.4mm,0,0,0,0,0,0,0,0,0,4255,7258,9085,9473,10084,8193,3937,4104,1837,0,0,0,0,0,0,0,0,0,0,0,0,0,0,0,0,0,0,0
Not approved,NW07_Northwind West Coast,NW07_MAT-101406,MAT-101406,S140/PL.07 304TL 0.4mm,1.053,PRESS_4,T-70001-A,PRJ-ALPHA-0396,P01_NW07_Northwind West Coast,MAT-101406,S140/PL.07 304TL 0.4mm,0,0,0,0,0,0,0,0,0,0,0,0,0,385,646,678,855,963,794,453,385,130,0,0,0,0,0,0,0,0,0,0,0,0,0,0,0
Not approved,NW01_Northwind Midwest,NW01_MAT-101458,MAT-101458,PRO-9X/PL.09 304TL 0.5mm,1.712,ASSY_1,T-70355-D,PRJ-DELTA-0066,P01_NW01_Northwind Midwest,MAT-101458,PRO-9X/PL.09 304TL 0.5mm,0,0,0,0,0,0,0,0,0,0,0,5779,8039,8936,10251,8641,6710,6259,3916,1510,0,0,0,0,0,0,0,0,0,0,0,0,0,0,0,0,0
Not approved,NW05_Northwind Pacific,NW05_MAT-101140,MAT-101140,S62/PL.41 304TL 0.7mm,1.105,PRESS_5,T-70679-B,PRJ-OMEGA-0297,P01_NW05_Northwind Pacific,MAT-101140,S62/PL.41 304TL 0.7mm,0,0,0,0,0,1397,1545,1738,2077,2264,1309,1323,834,322,0,0,0,0,0,0,0,0,0,0,0,0,0,0,0,0,0,0,0,0,0,0,0
Not approved,NW05_Northwind Pacific,NW05_MAT-200200,MAT-200200,M10-BFG GASKET 01,0.541,EXTRUSION_1,T-70535-A,PRJ-GAMMA-0331,P01_NW05_Northwind Pacific,MAT-200200,M10-BFG GASKET 01,0,0,0,0,1180,2387,1976,2525,2655,1620,1280,827,413,0,0,0,0,0,0,0,0,0,0,0,0,0,0,0,0,0,0,0,0,0,0,0,0
Not approved,NW09_Northwind Alpine,NW09_MAT-101467,MAT-101467,S160/PL.18 304TL 0.5mm,1.356,PRESS_1,T-70269-A,PRJ-EPSILON-0619,P01_NW09_Northwind Alpine,MAT-101467,S160/PL.18 304TL 0.5mm,0,0,0,0,0,0,0,0,0,0,0,0,0,0,0,0,0,0,0,0,0,0,0,6142,8076,7453,11532,7813,8720,5049,4252,1838,0,0,0,0,0
Not approved,NW01_Northwind Midwest,NW01_MAT-200441,MAT-200441,M8-NBR GASKET 02,0.446,GRINDING_1,T-70439-C,PRJ-OMEGA-0496,P01_NW01_Northwind Midwest,MAT-200441,M8-NBR GASKET 02,0,0,0,0,0,0,0,0,0,0,5029,6996,7409,12141,10274,9314,6084,3560,2239,0,0,0,0,0,0,0,0,0,0,0,0,0,0,0,0,0,0
Not approved,NW12_Northwind Cerrado,NW12_MAT-100068,MAT-100068,MX100/PL.19 304TL 0.5mm,1.16,PRESS_1,T-70315-A,PRJ-OMEGA-0086,P01_NW12_Northwind Cerrado,MAT-100068,MX100/PL.19 304TL 0.5mm,0,5843,8310,10071,6048,6655,4403,2601,1719,0,0,0,0,0,0,0,0,0,0,0,0,0,0,0,0,0,0,0,0,0,0,0,0,0,0,0,0
Not approved,Missing plant,_,,M20-SILI GASKET 37,Missing CT,Missing WC,Missing tool,PRJ-GAMMA-0247,,,,0,0,0,0,0,0,0,0,0,0,0,0,0,0,0,0,0,0,0,0,0,0,0,0,0,0,0,0,422,655,625,977,679,599,482,320,113
Not approved,Missing plant,_,,MX250/PL.19 304TL 0.5mm,Missing CT,Missing WC,Missing tool,PRJ-DELTA-0177,,,,0,0,0,0,0,0,0,0,0,0,0,0,0,0,0,730,978,956,1263,1318,866,641,502,232,0,0,0,0,0,0,0,0,0,0,0,0,0
Not approved,NW12_Northwind Cerrado,NW12_MAT-200406,MAT-200406,M18-AFLAS GASKET 07,0.754,PRESS_3,T-70615-B,PRJ-BETA-0228,P01_NW12_Northwind Cerrado,MAT-200406,M18-AFLAS GASKET 07,0,0,0,0,0,0,0,0,0,2322,4339,6062,4687,4013,3636,3278,1699,747,0,0,0,0,0,0,0,0,0,0,0,0,0,0,0,0,0,0,0
Not approved,NW04_Northwind Southbay,NW04_MAT-101002,MAT-101002,PRO-9X/PL.03 304TL 0.7mm,1.865,PRESS_4,T-70381-D,PRJ-OMEGA-0195,P01_NW04_Northwind Southbay,MAT-101002,PRO-9X/PL.03 304TL 0.7mm,0,0,0,0,0,0,0,0,0,0,0,0,0,0,0,0,0,0,0,0,0,0,0,0,0,4484,3798,5579,7031,5226,5026,3813,1929,1559,0,0,0
Not approved,NW01_Northwind Midwest,NW01_MAT-100654,MAT-100654,PRO-9X/PL.05 304TL 0.6mm,1.761,PRESS_5,T-70436-A,PRJ-DELTA-0634,P01_NW01_Northwind Midwest,MAT-100654,PRO-9X/PL.05 304TL 0.6mm,0,0,0,0,0,0,0,0,0,0,0,0,0,0,0,0,0,0,0,0,0,0,0,0,0,0,0,987,1192,1684,1711,1257,1198,916,444,326,0
Not approved,NW11_Northwind Levant,NW11_MAT-100629,MAT-100629,XL520/PL.30 304TL 0.6mm,2.577,PRESS_4,T-70443-B,PRJ-GAMMA-0081,P01_NW11_Northwind Levant,MAT-100629,XL520/PL.30 304TL 0.6mm,0,0,0,0,0,0,1131,1670,1964,2518,1903,1344,853,862,438,0,0,0,0,0,0,0,0,0,0,0,0,0,0,0,0,0,0,0,0,0,0
Not approved,NW15_Northwind Indochina,NW15_MAT-100281,MAT-100281,XL520/PL.32 304TL 0.5mm,2.504,PRESS_4,T-70270-D,PRJ-DELTA-0037,P01_NW15_Northwind Indochina,MAT-100281,XL520/PL.32 304TL 0.5mm,0,0,0,0,0,0,0,0,0,2882,4304,4164,4767,4528,2697,2334,1801,800,0,0,0,0,0,0,0,0,0,0,0,0,0,0,0,0,0,0,0
Not approved,NW01_Northwind Midwest,NW01_MAT-100464,MAT-100464,MX100/PL.15 304TL 0.4mm,1.132,PRESS_2,T-70318-D,PRJ-BETA-0202,P01_NW01_Northwind Midwest,MAT-100464,MX100/PL.15 304TL 0.4mm,0,0,0,0,0,0,1631,3034,3269,4529,3249,2374,1744,1345,781,0,0,0,0,0,0,0,0,0,0,0,0,0,0,0,0,0,0,0,0,0,0
Not approved,NW11_Northwind Levant,NW11_MAT-100997,MAT-100997,S120/PL.48 304TL 0.3mm,1.497,PRESS_2,T-70699-B,PRJ-EPSILON-0119,P01_NW11_Northwind Levant,MAT-100997,S120/PL.48 304TL 0.3mm,0,0,0,0,0,0,0,0,0,4530,6451,8585,10520,8302,5535,3441,2568,1268,0,0,0,0,0,0,0,0,0,0,0,0,0,0,0,0,0,0,0
Not approved,NW04_Northwind Southbay,NW04_MAT-200757,MAT-200757,M14-HNBR GASKET 38,0.529,PRESS_1,T-70465-C,PRJ-ALPHA-0694,P01_NW04_Northwind Southbay,MAT-200757,M14-HNBR GASKET 38,0,0,0,0,0,0,0,0,0,0,0,0,0,0,0,0,0,0,0,0,0,0,0,2652,3320,3070,5168,4559,3562,2617,1676,775,0,0,0,0,0
Not approved,NW11_Northwind Levant,NW11_MAT-101032,MAT-101032,S62/PL.33 304TL 0.4mm,1.288,GRINDING_1,T-70429-D,PRJ-EPSILON-0263,P01_NW11_Northwind Levant,MAT-101032,S62/PL.33 304TL 0.4mm,0,0,0,770,1230,1316,1490,1034,920,656,394,272,0,0,0,0,0,0,0,0,0,0,0,0,0,0,0,0,0,0,0,0,0,0,0,0,0
Not approved,NW11_Northwind Levant,NW11_MAT-100287,MAT-100287,HT80/PL.38 304TL 0.3mm,1.573,PRESS_4,T-70048-D,PRJ-EPSILON-0615,P01_NW11_Northwind Levant,MAT-100287,HT80/PL.38 304TL 0.3mm,0,0,0,0,0,0,0,0,0,0,0,0,0,0,0,0,0,0,0,0,0,0,0,0,0,5962,8915,7404,11540,9188,5991,4322,4261,1539,0,0,0
Not approved,Missing plant,_,,M10-BFG GASKET 25,Missing CT,Missing WC,Missing tool,PRJ-OMEGA-0382,,,,0,0,0,0,0,0,0,0,0,0,0,0,0,0,3446,6043,5106,9597,6476,6177,3006,3266,1088,0,0,0,0,0,0,0,0,0,0,0,0,0,0
Not approved,NW01_Northwind Midwest,NW01_MAT-100725,MAT-100725,XL520/PL.26 304TL 0.5mm,2.267,PRESS_6,T-70400-A,PRJ-OMEGA-0168,P01_NW01_Northwind Midwest,MAT-100725,XL520/PL.26 304TL 0.5mm,0,0,0,0,0,0,0,0,0,0,0,0,0,0,0,0,0,259,463,453,463,523,457,362,239,116,0,0,0,0,0,0,0,0,0,0,0
Not approved,NW05_Northwind Pacific,NW05_MAT-200804,MAT-200804,M20-SILI GASKET 05,0.767,EXTRUSION_1,T-70437-A,PRJ-BETA-0120,P01_NW05_Northwind Pacific,MAT-200804,M20-SILI GASKET 05,0,0,6332,5466,6603,10754,9568,5616,4984,2903,1337,0,0,0,0,0,0,0,0,0,0,0,0,0,0,0,0,0,0,0,0,0,0,0,0,0,0
Not approved,NW05_Northwind Pacific,NW05_MAT-200804,MAT-200804,M20-SILI GASKET 05,0.767,EXTRUSION_1,T-70437-A,PRJ-DELTA-0212,P01_NW05_Northwind Pacific,MAT-200804,M20-SILI GASKET 05,0,0,0,0,0,0,0,0,0,0,0,0,0,0,4234,5570,5756,6618,6140,5484,4343,2882,1492,0,0,0,0,0,0,0,0,0,0,0,0,0,0
Not approved,NW05_Northwind Pacific,NW05_MAT-200804,MAT-200804,M20-SILI GASKET 05,0.767,EXTRUSION_1,T-70437-A,PRJ-BETA-0143,P01_NW05_Northwind Pacific,MAT-200804,M20-SILI GASKET 05,0,0,0,0,0,0,0,4339,4895,7620,7196,6424,7107,4562,2555,1481,0,0,0,0,0,0,0,0,0,0,0,0,0,0,0,0,0,0,0,0,0
