Project name,Project ID,Region,Owner,Probability,Requested delivery date,Customer segment,Total expected PCS,Total expected EUR,Revenue tier,Submission channel,Status,Notes
PRJ-GAMMA-0001,SF-100000,LATAM,H. Lindqvist,10,2026-03-25,Marine,26980,468825.65,Large,Distributor,Not approved,
PRJ-OMEGA-0002,SF-100001,EMEA-West,C. Moreau,50,2026-10-10,Refrigeration,4548,946102.87,Strategic,Distributor,Not approved,
PRJ-GAMMA-0003,SF-100002,APAC-South,K. Suzuki,75,2026-08-07,Data Center,44764,255054.38,Medium,Distributor,Not approved,
PRJ-DELTA-0004,SF-100003,LATAM,R. Weber,75,2026-08-04,Industrial,18680,46417.06,Medium,Direct,Not approved,
PRJ-BETA-0005,SF-100004,EMEA-East,L. Tran,90,2026-11-12,Marine,7909,846810.27,Small,OEM,Not approved,
PRJ-ALPHA-0006,SF-100005,APAC-East,M. Akiyama,25,2026-06-26,District Heating,2957,357740.77,Medium,OEM,Not approved,
PRJ-BETA-0007,SF-100006,EMEA-East,T. Novak,50,2026-07-24,Refrigeration,36632,398991.45,Small,OEM,Not approved,
PRJ-GAMMA-0008,SF-100007,EMEA-West,C. Moreau,10,2026-06-06,Food & Beverage,4850,623692.93,Large,Distributor,Not approved,
PRJ-BETA-0009,SF-100008,APAC-East,C. Moreau,10,2026-10-19,Food & Beverage,7201,454040.87,Large,Direct,Not approved,
PRJ-ALPHA-0010,SF-100009,EMEA-East,A. Meyer,90,2026-03-21,Data Center,26769,726733.29,Strategic,Direct,Not approved,
PRJ-EPSILON-0011,SF-100010,LATAM,T. Novak,90,2026-02-06,Data Center,11547,1075169.03,Strategic,OEM,Not approved,
PRJ-EPSILON-0012,SF-100011,APAC-South,C. Moreau,90,2026-08-03,Refrigeration,29826,1145527.23,Small,Direct,Not approved,
PRJ-EPSILON-0013,SF-100012,LATAM,J. Park,90,2026-04-07,Food & Beverage,42943,992956.32,Medium,OEM,Not approved,
PRJ-OMEGA-0014,SF-100013,EMEA-East,M. Akiyama,25,2026-05-22,District Heating,37067,492197.6,Strategic,Direct,Not approved,
PRJ-OMEGA-0015,SF-100014,EMEA-East,K. Suzuki,90,2026-06-15,Marine,20478,115003.47,Small,Partner,Not approved,
PRJ-GAMMA-0016,SF-100015,APAC-East,M. Akiyama,25,2026-04-25,Refrigeration,53449,996366.39,Medium,Distributor,Not approved,
PRJ-ALPHA-0017,SF-100016,APAC-East,P. Kovac,50,2026-09-11,Marine,54094,442454.09,Medium,OEM,Not approved,
PRJ-BETA-0018,SF-100017,APAC-South,H. Lindqvist,25,2026-02-14,Oil & Gas,49977,717711.06,Large,Distributor,Not approved,
PRJ-BETA-0019,SF-100018,EMEA-West,P. Kovac,25,2026-03-15,Marine,53981,505103.5,Small,Direct,Not approved,
PRJ-EPSILON-0020,SF-100019,EMEA-West,S. Iyer,90,2026-12-19,District Heating,19006,958116.63,Strategic,Distributor,Not approved,
PRJ-EPSILON-0021,SF-100020,APAC-South,R. Weber,90,2026-02-21,District Heating,41984,1189035.61,Small,Direct,Not approved,
PRJ-BETA-0022,SF-100021,APAC-South,S. Iyer,10,2026-06-01,Refrigeration,17930,648777.66,Small,OEM,Not approved,
PRJ-DELTA-0023,SF-100022,LATAM,J. Park,75,2026-10-24,Oil & Gas,25224,655690.13,Strategic,Partner,Not approved,
PRJ-EPSILON-0024,SF-100023,EMEA-East,C. Moreau,75,2026-02-22,Marine,40399,1129667.54,Medium,Distributor,Not approved,
PRJ-OMEGA-0025,SF-100024,APAC-East,L. Tran,25,2026-07-15,District Heating,59560,889125.69,Strategic,Distributor,Not approved,
PRJ-DELTA-0026,SF-100025,EMEA-East,P. Kovac,90,2026-12-18,Oil & Gas,33208,131360.49,Small,Direct,Not approved,
PRJ-BETA-0027,SF-100026,LATAM,S. Iyer,25,2026-08-18,District Heating,6128,1067762.32,Strategic,Distributor,Not approved,
PRJ-GAMMA-0028,SF-100027,LATAM,J. Park,90,2026-12-11,Data Center,45398,210737.11,Strategic,Partner,Not approved,
PRJ-BETA-0029,SF-100028,APAC-South,C. Moreau,25,2026-06-12,Refrigeration,30052,1050139.64,Strategic,Direct,Not approved,
PRJ-EPSILON-0030,SF-100029,EMEA-East,M. Silva,50,2026-07-21,Industrial,55013,719387.49,Strategic,Direct,Not approved,
PRJ-ALPHA-0031,SF-100030,APAC-South,J. Park,75,2026-05-23,Refrigeration,41182,460504.24,Strategic,Partner,Not approved,
PRJ-GAMMA-0032,SF-100031,LATAM,H. Lindqvist,90,2026-02-16,Industrial,12240,767643.6,Medium,Distributor,Not approved,
PRJ-EPSILON-0033,SF-100032,,M. Silva,10,2026-10-08,Refrigeration,59158,55145.63,Large,Partner,Not approved,
PRJ-GAMMA-0034,SF-100033,EMEA-West,K. Suzuki,90,2026-06-05,Food & Beverage,28726,329207.7,Medium,Distributor,Not approved,
PRJ-OMEGA-0035,SF-100034,APAC-East,M. Akiyama,90,2026-06-11,Industrial,57512,930382.89,Medium,OEM,Not approved,
PRJ-EPSILON-0036,SF-100035,APAC-East,C. Moreau,10,2026-06-07,Industrial,24109,698356.49,Large,OEM,Not approved,
PRJ-DELTA-0037,SF-100036,EMEA-East,M. Silva,25,2026-12-12,Pharma,5954,634844.86,Large,Distributor,Not approved,
PRJ-BETA-0038,SF-100037,LATAM,A. Meyer,90,2026-11-05,District Heating,41194,930393.67,Small,OEM,Not approved,
PRJ-DELTA-0039,SF-100038,APAC-East,C. Moreau,10,2026-07-10,Pharma,33648,406263.6,Small,Direct,Not approved,
PRJ-EPSILON-0040,SF-100039,EMEA-West,S. Iyer,50,2026-02-21,District Heating,7490,778327.33,Medium,OEM,Not approved,
PRJ-BETA-0041,SF-100040,APAC-South,P. Kovac,50,2026-12-28,Food & Beverage,43094,122858.79,Large,Partner,Not approved,
PRJ-ALPHA-0042,SF-100041,APAC-East,S. Iyer,10,2026-02-15,Pharma,28864,185613.05,Large,Distributor,Not approved,
PRJ-ALPHA-0043,SF-100042,EMEA-East,M. Silva,75,2026-07-03,Oil & Gas,40471,102944.61,Small,OEM,Not approved,
PRJ-BETA-0044,SF-100043,APAC-East,M. Akiyama,90,2026-10-23,Industrial,23446,1122310.99,Strategic,Distributor,Not approved,
PRJ-EPSILON-0045,SF-100044,EMEA-East,S. Iyer,25,2026-07-03,District Heating,21434,995288.8,Medium,Partner,Not approved,
PRJ-DELTA-0046,SF-100045,EMEA-West,A. Meyer,90,2026-07-23,Data Center,12465,1156058.37,Strategic,Direct,Not approved,
PRJ-GAMMA-0047,SF-100046,EMEA-West,L. Tran,50,2026-07-13,District Heating,24139,89086.83,Large,Distributor,Not approved,
PRJ-OMEGA-0048,SF-100047,APAC-East,S. Iyer,10,2026-03-15,District Heating,29101,964567.93,Small,Distributor,Not approved,
PRJ-ALPHA-0049,SF-100048,APAC-South,A. Meyer,10,2026-06-05,Food & Beverage,53488,128224.14,Small,OEM,Not approved,
PRJ-ALPHA-0050,SF-100049,,T. Novak,10,2026-10-15,Marine,10183,692545.79,Small,Distributor,Not approved,
PRJ-GAMMA-0051,SF-100050,APAC-East,P. Kovac,50,2026-02-05,District Heating,57195,508121.2,Large,OEM,Not approved,
PRJ-OMEGA-0052,SF-100051,LATAM,M. Silva,50,2026-06-16,Refrigeration,34522,844533.08,Strategic,Distributor,Not approved,
PRJ-GAMMA-0053,SF-100052,EMEA-West,M. Akiyama,90,2026-04-27,Food & Beverage,2217,805454.9,Medium,Partner,Not approved,
PRJ-ALPHA-0054,SF-100053,APAC-South,R. Weber,50,2026-12-26,Data Center,1011,1116472.79,Medium,Direct,Not approved,
PRJ-OMEGA-0055,SF-100054,EMEA-West,S. Iyer,90,2026-05-01,Industrial,33121,321406.29,Large,Direct,Not approved,
PRJ-ALPHA-0056,SF-100055,,A. Meyer,75,2026-04-22,District Heating,14252,1008903.61,Strategic,Distributor,Not approved,
PRJ-ALPHA-0057,SF-100056,LATAM,K. Suzuki,90,2026-07-18,Refrigeration,49260,841875.78,Small,Partner,Not approved,
PRJ-ALPHA-0058,SF-100057,APAC-East,J. Park,75,2026-11-12,Oil & Gas,52861,840782.15,Large,Distributor,Not approved,
PRJ-DELTA-0059,SF-100058,LATAM,L. Tran,10,2026-08-27,District Heating,5729,852513.28,Medium,OEM,Not approved,
PRJ-BETA-0060,SF-100059,EMEA-West,C. Moreau,25,2026-03-10,Oil & Gas,37262,981692.88,Medium,Distributor,Not approved,
PRJ-BETA-0061,SF-100060,APAC-South,T. Novak,75,2026-12-26,Industrial,49865,543904.67,Medium,Direct,Not approved,
PRJ-OMEGA-0062,SF-100061,APAC-South,M. Silva,10,2026-06-19,Marine,13496,409087.98,Small,Direct,Not approved,
PRJ-EPSILON-0063,SF-100062,LATAM,C. Moreau,10,2026-05-01,Refrigeration,46898,487738.98,Small,OEM,Not approved,
PRJ-DELTA-0064,SF-100063,EMEA-West,K. Suzuki,50,2026-03-28,Marine,57929,416052.3,Large,Partner,Not approved,
PRJ-BETA-0065,SF-100064,APAC-South,K. Suzuki,75,2026-08-15,Marine,31275,317583.47,Strategic,Distributor,Not approved,
PRJ-DELTA-0066,SF-100065,APAC-East,A. Meyer,75,2026-12-19,District Heating,32163,1044357.94,Small,Distributor,Not approved,
PRJ-DELTA-0067,SF-100066,EMEA-East,R. Weber,75,2026-05-23,Refrigeration,32530,1124907.34,Medium,Distributor,Not approved,
PRJ-GAMMA-0068,SF-100067,EMEA-West,L. Tran,90,2026-04-27,Industrial,51812,157267.15,Strategic,Direct,Not approved,
PRJ-OMEGA-0069,SF-100068,EMEA-West,M. Akiyama,50,2026-10-27,Industrial,37833,668279.7,Medium,OEM,Not approved,
PRJ-ALPHA-0070,SF-100069,APAC-South,J. Park,10,2026-02-20,Industrial,42122,73410.74,Large,OEM,Not approved,
PRJ-BETA-0071,SF-100070,APAC-East,M. Akiyama,90,2026-08-13,Refrigeration,31310,452364.33,Medium,OEM,Not approved,
PRJ-GAMMA-0072,SF-100071,EMEA-West,C. Moreau,75,2026-08-20,Pharma,8839,954813.27,Large,Direct,Not approved,
PRJ-GAMMA-0073,SF-100072,EMEA-West,M. Silva,50,2026-07-10,Industrial,41874,208416.22,Medium,Direct,Not approved,
PRJ-BETA-0074,SF-100073,EMEA-West,M. Akiyama,25,2026-10-10,District Heating,43555,972791.1,Small,OEM,Not approved,
PRJ-BETA-0075,SF-100074,EMEA-West,H. Lindqvist,90,2026-03-02,District Heating,30045,212578.24,Medium,OEM,Not approved,
PRJ-ALPHA-0076,SF-100075,APAC-South,R. Weber,25,2026-09-19,Industrial,43228,302035.06,Small,Direct,Not approved,
PRJ-BETA-0077,SF-100076,EMEA-West,S. Iyer,10,2026-05-07,Data Center,39470,289700.38,Large,Distributor,Not approved,
PRJ-ALPHA-0078,SF-100077,,L. Tran,90,2026-02-19,Refrigeration,55256,382056.61,Strategic,Distributor,Not approved,
PRJ-BETA-0079,SF-100078,APAC-South,R. Weber,50,2026-10-20,Oil & Gas,7128,1035273.34,Small,Partner,Not approved,
PRJ-EPSILON-0080,SF-100079,EMEA-East,A. Meyer,10,2026-07-04,Marine,2259,706012.57,Strategic,Partner,Not approved,
PRJ-GAMMA-0081,SF-100080,EMEA-East,A. Meyer,90,2026-12-14,Industrial,6258,868303.3,Medium,OEM,Not approved,
PRJ-EPSILON-0082,SF-100081,,R. Weber,10,2026-12-12,Pharma,48819,742532.35,Medium,Partner,Not approved,
PRJ-ALPHA-0083,SF-100082,EMEA-West,M. Silva,75,2026-08-05,Industrial,45686,1099207.23,Large,Direct,Not approved,
PRJ-OMEGA-0084,SF-100083,APAC-South,L. Tran,90,2026-04-19,Refrigeration,46631,1189187.99,Small,Distributor,Not approved,
PRJ-DELTA-0085,SF-100084,EMEA-West,L. Tran,10,2026-11-01,Refrigeration,50971,466743.09,Medium,OEM,Not approved,
PRJ-OMEGA-0086,SF-100085,APAC-South,L. Tran,75,2026-08-25,Refrigeration,14409,197983.42,Medium,OEM,Not approved,
PRJ-EPSILON-0087,SF-100086,EMEA-East,S. Iyer,50,2026-12-27,Data Center,50203,599594.34,Large,Distributor,Not approved,
PRJ-EPSILON-0088,SF-100087,EMEA-East,R. Weber,10,2026-11-07,Oil & Gas,25229,302336.51,Strategic,OEM,Not approved,
PRJ-GAMMA-0089,SF-100088,EMEA-East,A. Meyer,90,2026-07-17,Food & Beverage,3954,149279.1,Large,Direct,Not approved,
PRJ-BETA-0090,SF-100089,APAC-East,H. Lindqvist,75,2026-07-16,Oil & Gas,10987,853004.32,Medium,Distributor,Not approved,
PRJ-EPSILON-0091,SF-100090,EMEA-East,K. Suzuki,75,2026-02-27,Refrigeration,34284,1105348.21,Strategic,Partner,Not approved,
PRJ-OMEGA-0092,SF-100091,,K. Suzuki,90,2026-09-16,Food & Beverage,12285,55463.9,Large,Direct,Not approved,
PRJ-OMEGA-0093,SF-100092,APAC-South,M. Akiyama,25,2026-07-13,Pharma,24832,726884.21,Small,Direct,Not approved,
PRJ-BETA-0094,SF-100093,APAC-East,R. Weber,75,2026-07-05,Pharma,58019,1075120.18,Medium,Direct,Not approved,
PRJ-OMEGA-0095,SF-100094,,L. Tran,10,2026-10-23,Refrigeration,59552,439455.41,Medium,Direct,Not approved,
PRJ-EPSILON-0096,SF-100095,EMEA-East,M. Akiyama,25,2026-09-04,Data Center,57932,811561.64,Medium,Direct,Not approved,
PRJ-ALPHA-0097,SF-100096,,M. Silva,25,2026-12-24,Oil & Gas,45228,188757.83,Large,Partner,Not approved,
PRJ-BETA-0098,SF-100097,EMEA-West,P. Kovac,25,2026-06-03,Data Center,59888,1054826.92,Medium,Partner,Not approved,
PRJ-DELTA-0099,SF-100098,,T. Novak,75,2026-03-14,Industrial,34915,661479.07,Large,Distributor,Not approved,
PRJ-EPSILON-0100,SF-100099,LATAM,R. Weber,10,2026-09-13,District Heating,7578,1181358.47,Small,Direct,Not approved,
PRJ-GAMMA-0101,SF-100100,EMEA-East,M. Silva,25,2026-12-15,Data Center,30086,670896.23,Medium,Distributor,Not approved,
PRJ-OMEGA-0102,SF-100101,EMEA-East,M. Akiyama,75,2026-08-15,Pharma,50229,917196.34,Small,Partner,Not approved,
PRJ-GAMMA-0103,SF-100102,EMEA-East,R. Weber,75,2026-03-12,Marine,45493,615646.14,Small,Distributor,Not approved,
PRJ-ALPHA-0104,SF-100103,EMEA-West,P. Kovac,50,2026-02-21,Industrial,58564,762633.39,Strategic,Distributor,Not approved,
PRJ-BETA-0105,SF-100104,LATAM,M. Akiyama,75,2026-02-14,Refrigeration,30591,108035.89,Small,OEM,Not approved,
PRJ-OMEGA-0106,SF-100105,LATAM,T. Novak,90,2026-10-27,Oil & Gas,8137,852130.32,Large,OEM,Not approved,
PRJ-OMEGA-0107,SF-100106,APAC-South,H. Lindqvist,10,2026-12-15,District Heating,36180,1006147.91,Medium,Distributor,Not approved,
PRJ-OMEGA-0108,SF-100107,APAC-East,A. Meyer,75,2026-10-05,Pharma,39652,269902.33,Medium,OEM,Not approved,
PRJ-OMEGA-0109,SF-100108,APAC-South,M. Akiyama,25,2026-10-08,Industrial,37286,702659.83,Medium,Direct,Not approved,
PRJ-ALPHA-0110,SF-100109,LATAM,K. Suzuki,50,2026-05-04,District Heating,11662,1190390.03,Strategic,Distributor,Not approved,
PRJ-DELTA-0111,SF-100110,APAC-South,L. Tran,25,2026-11-02,Food & Beverage,6196,616267.72,Small,Distributor,Not approved,
PRJ-DELTA-0112,SF-100111,LATAM,M. Akiyama,25,2026-10-01,Industrial,54070,967851.47,Medium,Direct,Not approved,
PRJ-EPSILON-0113,SF-100112,,C. Moreau,25,2026-02-16,Pharma,17457,941169.6,Large,Direct,Not approved,
PRJ-ALPHA-0114,SF-100113,APAC-South,M. Silva,25,2026-08-08,Pharma,35283,286869.09,Medium,OEM,Not approved,
PRJ-OMEGA-0115,SF-100114,,A. Meyer,75,2026-02-26,Industrial,11644,549821.64,Small,Distributor,Not approved,
PRJ-EPSILON-0116,SF-100115,APAC-South,S. Iyer,25,2026-07-14,Refrigeration,50437,108168.37,Small,Distributor,Not approved,
PRJ-DELTA-0117,SF-100116,APAC-East,L. Tran,50,2026-09-28,Industrial,25472,275516.8,Small,Partner,Not approved,
PRJ-DELTA-0118,SF-100117,EMEA-West,S. Iyer,75,2026-07-05,Industrial,14295,823845.89,Medium,Partner,Not approved,
PRJ-EPSILON-0119,SF-100118,EMEA-West,P. Kovac,90,2026-05-27,Marine,48696,451111.68,Strategic,Direct,Not approved,
PRJ-BETA-0120,SF-100119,APAC-South,P. Kovac,90,2026-08-07,District Heating,56177,308553.88,Medium,Direct,Not approved,
PRJ-OMEGA-0121,SF-100120,EMEA-West,K. Suzuki,25,2026-05-18,Marine,50501,327251.35,Large,Partner,Not approved,
PRJ-OMEGA-0122,SF-100121,EMEA-West,A. Meyer,50,2026-12-04,Pharma,8114,688572.58,Medium,Distributor,Not approved,
PRJ-EPSILON-0123,SF-100122,LATAM,L. Tran,50,2026-05-21,Data Center,59129,346855.36,Strategic,OEM,Not approved,
PRJ-OMEGA-0124,SF-100123,EMEA-East,H. Lindqvist,75,2026-07-11,Data Center,44614,140742.38,Large,Partner,Not approved,
PRJ-DELTA-0125,SF-100124,EMEA-East,T. Novak,10,2026-06-26,Food & Beverage,27523,1195629.83,Strategic,Partner,Not approved,
PRJ-ALPHA-0126,SF-100125,,K. Suzuki,10,2026-08-09,Data Center,1680,287862.72,Large,Direct,Not approved,
PRJ-EPSILON-0127,SF-100126,LATAM,H. Lindqvist,10,2026-05-22,District Heating,1687,702681.42,Strategic,Direct,Not approved,
PRJ-ALPHA-0128,SF-100127,APAC-East,R. Weber,90,2026-10-13,District Heating,38981,1119200.89,Medium,Direct,Not approved,
PRJ-OMEGA-0129,SF-100128,APAC-South,H. Lindqvist,10,2026-04-02,Oil & Gas,28959,399604.42,Medium,Partner,Not approved,
PRJ-EPSILON-0130,SF-100129,,K. Suzuki,50,2026-06-06,Marine,40471,759650.03,Strategic,OEM,Not approved,
PRJ-ALPHA-0131,SF-100130,,M. Akiyama,25,2026-07-18,Marine,21145,692066.24,Small,Direct,Not approved,
PRJ-GAMMA-0132,SF-100131,EMEA-West,R. Weber,50,2026-09-10,Refrigeration,44092,540373.6,Medium,OEM,Not approved,
PRJ-DELTA-0133,SF-100132,EMEA-West,J. Park,75,2026-06-26,Food & Beverage,8483,441729.86,Medium,Distributor,Not approved,
PRJ-EPSILON-0134,SF-100133,EMEA-East,T. Novak,90,2026-02-27,Pharma,39629,773702.16,Strategic,OEM,Not approved,
PRJ-OMEGA-0135,SF-100134,APAC-East,M. Silva,10,2026-08-21,Food & Beverage,18932,689500.53,Large,Direct,Not approved,
PRJ-DELTA-0136,SF-100135,LATAM,S. Iyer,50,2026-03-14,District Heating,44693,482796.3,Large,OEM,Not approved,
PRJ-GAMMA-0137,SF-100136,,K. Suzuki,75,2026-07-16,Marine,50614,1086748.02,Small,Partner,Not approved,
PRJ-GAMMA-0138,SF-100137,APAC-South,T. Novak,90,2026-11-03,Industrial,37191,205473.32,Strategic,Partner,Not approved,
PRJ-OMEGA-0139,SF-100138,LATAM,M. Akiyama,75,2026-09-16,Pharma,19162,290102.9,Strategic,OEM,Not approved,
PRJ-GAMMA-0140,SF-100139,APAC-South,M. Akiyama,50,2026-05-27,Data Center,38739,120285.78,Large,Direct,Not approved,
PRJ-EPSILON-0141,SF-100140,,H. Lindqvist,10,2026-07-20,Pharma,16727,1180265.16,Small,OEM,Not approved,
PRJ-OMEGA-0142,SF-100141,APAC-East,J. Park,90,2026-07-01,Marine,35685,43356.11,Large,Distributor,Not approved,
PRJ-BETA-0143,SF-100142,,M. Akiyama,50,2026-12-10,Refrigeration,10899,256153.98,Strategic,Distributor,Not approved,
PRJ-DELTA-0144,SF-100143,EMEA-East,K. Suzuki,25,2026-03-27,Refrigeration,29177,466675.12,Large,OEM,Not approved,
PRJ-GAMMA-0145,SF-100144,APAC-South,C. Moreau,25,2026-12-17,Food & Beverage,7190,1144916.77,Small,Distributor,Not approved,
PRJ-OMEGA-0146,SF-100145,,L. Tran,10,2026-12-04,Refrigeration,39284,884838.99,Small,Direct,Not approved,
PRJ-BETA-0147,SF-100146,LATAM,T. Novak,75,2026-03-06,Pharma,1760,1083804.78,Large,OEM,Not approved,
PRJ-GAMMA-0148,SF-100147,LATAM,K. Suzuki,10,2026-08-21,Data Center,30382,851204.01,Strategic,OEM,Not approved,
PRJ-GAMMA-0149,SF-100148,LATAM,M. Silva,75,2026-05-15,Data Center,56963,638297.32,Strategic,Direct,Not approved,
PRJ-OMEGA-0150,SF-100149,LATAM,H. Lindqvist,50,2026-09-15,Food & Beverage,2154,110039.0,Strategic,OEM,Not approved,
PRJ-EPSILON-0151,SF-100150,LATAM,L. Tran,75,2026-08-23,Food & Beverage,51888,682270.89,Strategic,OEM,Not approved,
PRJ-DELTA-0152,SF-100151,LATAM,K. Suzuki,50,2026-10-14,Refrigeration,39062,972265.45,Large,Direct,Not approved,
PRJ-BETA-0153,SF-100152,EMEA-West,J. Park,10,2026-08-12,Marine,57305,540912.32,Small,Partner,Not approved,
PRJ-EPSILON-0154,SF-100153,EMEA-East,M. Silva,50,2026-06-21,Food & Beverage,45861,269462.56,Large,Partner,Not approved,
PRJ-OMEGA-0155,SF-100154,EMEA-East,K. Suzuki,50,2026-12-13,Oil & Gas,9275,63808.86,Strategic,Distributor,Not approved,
PRJ-OMEGA-0156,SF-100155,EMEA-East,M. Akiyama,25,2026-04-07,Marine,37996,1125599.22,Strategic,Partner,Not approved,
PRJ-BETA-0157,SF-100156,EMEA-East,J. Park,25,2026-05-16,Marine,52318,1008626.18,Strategic,OEM,Not approved,
PRJ-ALPHA-0158,SF-100157,APAC-South,M. Silva,90,2026-10-15,Pharma,1543,928596.62,Small,Direct,Not approved,
PRJ-EPSILON-0159,SF-100158,APAC-South,M. Silva,50,2026-05-11,Pharma,43466,35287.25,Small,Direct,Not approved,
PRJ-GAMMA-0160,SF-100159,LATAM,L. Tran,50,2026-02-17,Oil & Gas,52488,804023.04,Small,OEM,Not approved,
PRJ-OMEGA-0161,SF-100160,APAC-East,P. Kovac,90,2026-12-15,Oil & Gas,39495,330486.85,Strategic,Distributor,Not approved,
PRJ-ALPHA-0162,SF-100161,APAC-East,K. Suzuki,75,2026-12-11,Food & Beverage,33101,236117.1,Small,Distributor,Not approved,
PRJ-DELTA-0163,SF-100162,EMEA-East,M. Silva,90,2026-05-19,District Heating,48377,892882.96,Small,OEM,Not approved,
PRJ-ALPHA-0164,SF-100163,,M. Silva,50,2026-09-21,Data Center,17191,775447.67,Strategic,Partner,Not approved,
PRJ-DELTA-0165,SF-100164,LATAM,M. Silva,25,2026-11-19,Refrigeration,48854,76955.83,Strategic,Distributor,Not approved,
PRJ-BETA-0166,SF-100165,EMEA-East,S. Iyer,90,2026-03-28,Pharma,5616,248443.59,Large,Direct,Not approved,
PRJ-DELTA-0167,SF-100166,EMEA-West,P. Kovac,90,2026-02-02,Industrial,10011,233125.22,Small,Distributor,Not approved,
PRJ-OMEGA-0168,SF-100167,EMEA-East,T. Novak,50,2026-12-11,Data Center,54009,773067.33,Strategic,Direct,Not approved,
PRJ-EPSILON-0169,SF-100168,,M. Akiyama,90,2026-11-17,Industrial,13849,858229.34,Strategic,Direct,Not approved,
PRJ-OMEGA-0170,SF-100169,LATAM,H. Lindqvist,25,2026-05-01,Refrigeration,43030,86528.01,Medium,OEM,Not approved,
PRJ-DELTA-0171,SF-100170,EMEA-East,H. Lindqvist,75,2026-02-09,Data Center,1177,1174162.69,Large,Distributor,Not approved,
PRJ-OMEGA-0172,SF-100171,APAC-East,M. Akiyama,90,2026-05-01,District Heating,58812,925692.25,Large,Direct,Not approved,
PRJ-EPSILON-0173,SF-100172,EMEA-West,M. Silva,25,2026-03-14,Industrial,32828,790197.82,Strategic,Partner,Not approved,
PRJ-ALPHA-0174,SF-100173,APAC-South,K. Suzuki,50,2026-04-04,Industrial,25549,381830.05,Medium,Direct,Not approved,
PRJ-DELTA-0175,SF-100174,EMEA-West,T. Novak,10,2026-09-05,Refrigeration,6320,88200.64,Small,OEM,Not approved,
PRJ-OMEGA-0176,SF-100175,APAC-South,J. Park,10,2026-11-14,District Heating,20570,502797.27,Small,Distributor,Not approved,
PRJ-DELTA-0177,SF-100176,EMEA-East,M. Silva,50,2026-12-16,Pharma,15851,245945.56,Strategic,Distributor,Not approved,
PRJ-GAMMA-0178,SF-100177,APAC-East,P. Kovac,75,2026-12-27,Refrigeration,56093,965533.41,Medium,OEM,Not approved,
PRJ-DELTA-0179,SF-100178,EMEA-West,K. Suzuki,50,2026-03-15,Data Center,47838,728788.63,Small,Distributor,Not approved,
PRJ-DELTA-0180,SF-100179,APAC-East,C. Moreau,25,2026-12-06,Food & Beverage,58270,495945.42,Strategic,Direct,Not approved,
PRJ-ALPHA-0181,SF-100180,EMEA-East,H. Lindqvist,10,2026-09-03,Pharma,44016,132361.33,Small,Distributor,Not approved,
PRJ-BETA-0182,SF-100181,APAC-South,M. Akiyama,90,2026-09-18,Oil & Gas,20867,288242.89,Strategic,Direct,Not approved,
PRJ-ALPHA-0183,SF-100182,EMEA-East,A. Meyer,10,2026-03-19,Oil & Gas,26138,800085.95,Strategic,Distributor,Not approved,
PRJ-GAMMA-0184,SF-100183,,A. Meyer,90,2026-02-09,Industrial,31565,1098435.12,Medium,Distributor,Not approved,
PRJ-DELTA-0185,SF-100184,,K. Suzuki,25,2026-05-16,Pharma,29063,799212.13,Strategic,Distributor,Not approved,
PRJ-OMEGA-0186,SF-100185,APAC-South,C. Moreau,10,2026-07-08,Marine,18240,1082873.73,Large,Distributor,Not approved,
PRJ-ALPHA-0187,SF-100186,LATAM,P. Kovac,10,2026-08-26,Data Center,51411,518896.01,Small,Distributor,Not approved,
PRJ-ALPHA-0188,SF-100187,APAC-East,K. Suzuki,25,2026-12-24,Pharma,42325,1152058.61,Medium,Distributor,Not approved,
PRJ-ALPHA-0189,SF-100188,,H. Lindqvist,25,2026-04-14,Marine,10888,526796.46,Strategic,Partner,Not approved,
PRJ-DELTA-0190,SF-100189,LATAM,A. Meyer,75,2026-05-04,Food & Beverage,29521,701374.39,Large,OEM,Not approved,
PRJ-OMEGA-0191,SF-100190,EMEA-East,R. Weber,10,2026-08-19,Refrigeration,38370,652841.44,Large,OEM,Not approved,
PRJ-EPSILON-0192,SF-100191,APAC-East,R. Weber,90,2026-12-21,Marine,26010,166263.78,Medium,OEM,Not approved,
PRJ-EPSILON-0193,SF-100192,APAC-South,A. Meyer,25,2026-06-04,Oil & Gas,5815,581903.5,Strategic,OEM,Not approved,
PRJ-OMEGA-0194,SF-100193,LATAM,K. Suzuki,90,2026-10-26,Food & Beverage,22893,449103.14,Large,OEM,Not approved,
PRJ-OMEGA-0195,SF-100194,EMEA-West,L. Tran,10,2026-02-10,Refrigeration,10060,611350.44,Small,Distributor,Not approved,
PRJ-DELTA-0196,SF-100195,,S. Iyer,25,2026-07-22,Industrial,24570,45063.17,Large,Distributor,Not approved,
PRJ-EPSILON-0197,SF-100196,EMEA-West,S. Iyer,90,2026-02-19,Data Center,13050,1164072.05,Strategic,OEM,Not approved,
PRJ-DELTA-0198,SF-100197,EMEA-West,R. Weber,50,2026-02-11,Pharma,45548,224717.65,Small,OEM,Not approved,
PRJ-OMEGA-0199,SF-100198,APAC-East,R. Weber,10,2026-05-24,Marine,33739,326209.84,Large,OEM,Not approved,
PRJ-DELTA-0200,SF-100199,,K. Suzuki,50,2026-12-02,Industrial,38464,320722.61,Small,Direct,Not approved,
PRJ-ALPHA-0201,SF-100200,,C. Moreau,10,2026-06-09,Industrial,20125,224054.67,Large,OEM,Not approved,
PRJ-BETA-0202,SF-100201,EMEA-East,P. Kovac,50,2026-07-28,Data Center,10610,1168095.68,Small,OEM,Not approved,
PRJ-EPSILON-0203,SF-100202,EMEA-West,T. Novak,25,2026-09-09,Oil & Gas,19746,397063.89,Medium,Direct,Not approved,
PRJ-EPSILON-0204,SF-100203,APAC-South,T. Novak,90,2026-02-05,Refrigeration,21742,297504.77,Small,Distributor,Not approved,
PRJ-EPSILON-0205,SF-100204,EMEA-West,L. Tran,75,2026-10-01,Pharma,2335,272798.19,Medium,Direct,Not approved,
PRJ-BETA-0206,SF-100205,APAC-East,M. Silva,25,2026-10-16,Pharma,36865,268520.51,Small,Direct,Not approved,
PRJ-OMEGA-0207,SF-100206,EMEA-East,R. Weber,10,2026-03-02,Refrigeration,54764,729113.91,Strategic,OEM,Not approved,
PRJ-EPSILON-0208,SF-100207,EMEA-West,M. Silva,90,2026-10-05,Refrigeration,24975,609070.52,Large,Direct,Not approved,
PRJ-OMEGA-0209,SF-100208,,C. Moreau,50,2026-03-19,Marine,52016,882980.23,Small,Partner,Not approved,
PRJ-DELTA-0210,SF-100209,EMEA-East,T. Novak,10,2026-04-24,Refrigeration,32395,777000.19,Large,Partner,Not approved,
PRJ-GAMMA-0211,SF-100210,EMEA-West,A. Meyer,10,2026-06-04,Refrigeration,51426,380688.71,Medium,OEM,Not approved,
PRJ-DELTA-0212,SF-100211,LATAM,K. Suzuki,10,2026-07-02,Food & Beverage,50501,843851.52,Strategic,Distributor,Not approved,
PRJ-BETA-0213,SF-100212,EMEA-West,L. Tran,10,2026-10-12,Oil & Gas,38503,1035841.64,Small,OEM,Not approved,
PRJ-EPSILON-0214,SF-100213,APAC-South,L. Tran,25,2026-10-18,Pharma,14849,206360.63,Medium,OEM,Not approved,
PRJ-OMEGA-0215,SF-100214,,A. Meyer,10,2026-09-14,District Heating,41032,1117545.56,Strategic,Partner,Not approved,
PRJ-GAMMA-0216,SF-100215,EMEA-East,M. Silva,75,2026-03-08,Food & Beverage,3145,550322.57,Small,OEM,Not approved,
PRJ-ALPHA-0217,SF-100216,EMEA-East,A. Meyer,90,2026-07-13,Industrial,32321,470550.42,Medium,Partner,Not approved,
PRJ-BETA-0218,SF-100217,EMEA-East,C. Moreau,75,2026-07-11,Oil & Gas,13063,128431.12,Medium,Distributor,Not approved,
PRJ-GAMMA-0219,SF-100218,APAC-East,K. Suzuki,90,2026-09-13,Refrigeration,17221,548821.79,Small,OEM,Not approved,
PRJ-EPSILON-0220,SF-100219,,T. Novak,75,2026-06-12,District Heating,9179,148749.79,Large,Partner,Not approved,
PRJ-ALPHA-0221,SF-100220,LATAM,T. Novak,10,2026-02-16,Data Center,16113,1122666.78,Strategic,Distributor,Not approved,
PRJ-OMEGA-0222,SF-100221,,C. Moreau,75,2026-07-11,Industrial,14671,1194799.74,Medium,Direct,Not approved,
PRJ-DELTA-0223,SF-100222,EMEA-West,L. Tran,10,2026-09-25,Industrial,8570,513640.97,Medium,OEM,Not approved,
PRJ-EPSILON-0224,SF-100223,EMEA-East,S. Iyer,25,2026-08-17,Industrial,24149,351918.58,Small,Direct,Not approved,
PRJ-BETA-0225,SF-100224,EMEA-East,T. Novak,50,2026-12-27,Data Center,50656,44631.37,Large,OEM,Not approved,
PRJ-GAMMA-0226,SF-100225,EMEA-East,M. Silva,90,2026-06-24,Industrial,36337,1032201.15,Large,OEM,Not approved,
PRJ-BETA-0227,SF-100226,EMEA-West,K. Suzuki,25,2026-05-10,District Heating,44915,931287.18,Large,OEM,Not approved,
PRJ-BETA-0228,SF-100227,APAC-South,L. Tran,75,2026-07-08,Marine,43471,41691.51,Strategic,OEM,Not approved,
PRJ-OMEGA-0229,SF-100228,EMEA-West,S. Iyer,10,2026-08-05,District Heating,57387,691256.52,Large,Direct,Not approved,
PRJ-OMEGA-0230,SF-100229,EMEA-East,L. Tran,75,2026-11-23,Refrigeration,42977,1041752.48,Small,Partner,Not approved,
PRJ-ALPHA-0231,SF-100230,APAC-East,K. Suzuki,25,2026-02-19,Food & Beverage,58405,372808.83,Small,Partner,Not approved,
PRJ-GAMMA-0232,SF-100231,EMEA-East,M. Akiyama,50,2026-06-06,Oil & Gas,28358,566428.23,Medium,Direct,Not approved,
PRJ-BETA-0233,SF-100232,APAC-East,L. Tran,25,2026-03-28,Data Center,53328,540159.34,Small,OEM,Not approved,
PRJ-GAMMA-0234,SF-100233,LATAM,K. Suzuki,90,2026-12-10,Pharma,7598,1140193.69,Strategic,Direct,Not approved,
PRJ-OMEGA-0235,SF-100234,,H. Lindqvist,10,2026-11-02,District Heating,3450,664618.26,Small,Distributor,Not approved,
PRJ-GAMMA-0236,SF-100235,APAC-East,K. Suzuki,90,2026-04-13,District Heating,44092,1138882.33,Small,Distributor,Not approved,
PRJ-BETA-0237,SF-100236,APAC-East,H. Lindqvist,10,2026-10-19,Oil & Gas,46694,612150.41,Strategic,OEM,Not approved,
PRJ-BETA-0238,SF-100237,EMEA-West,M. Akiyama,10,2026-02-02,Pharma,55841,541108.57,Large,Distributor,Not approved,
PRJ-BETA-0239,SF-100238,LATAM,A. Meyer,50,2026-05-07,District Heating,8882,345596.23,Small,Distributor,Not approved,
PRJ-DELTA-0240,SF-100239,APAC-East,A. Meyer,25,2026-12-12,Data Center,59807,857910.24,Small,Direct,Not approved,
PRJ-BETA-0241,SF-100240,APAC-South,H. Lindqvist,10,2026-05-20,District Heating,3597,618794.92,Medium,OEM,Not approved,
PRJ-GAMMA-0242,SF-100241,,R. Weber,25,2026-04-04,Food & Beverage,10163,472206.47,Strategic,OEM,Not approved,
PRJ-GAMMA-0243,SF-100242,,R. Weber,50,2026-08-26,Food & Beverage,10385,401856.65,Strategic,OEM,Not approved,
PRJ-GAMMA-0244,SF-100243,APAC-South,C. Moreau,90,2026-10-25,Data Center,29827,668530.32,Large,Partner,Not approved,
PRJ-DELTA-0245,SF-100244,EMEA-West,M. Silva,50,2026-05-05,Oil & Gas,59809,1060190.78,Medium,Partner,Not approved,
PRJ-DELTA-0246,SF-100245,LATAM,M. Akiyama,50,2026-06-14,District Heating,45896,547170.37,Strategic,Partner,Not approved,
PRJ-GAMMA-0247,SF-100246,,A. Meyer,90,2026-04-03,Oil & Gas,38281,429457.01,Large,Partner,Not approved,
PRJ-BETA-0248,SF-100247,LATAM,A. Meyer,90,2026-10-19,Refrigeration,20475,989710.99,Strategic,Direct,Not approved,
PRJ-DELTA-0249,SF-100248,,J. Park,90,2026-03-10,Data Center,43768,934899.72,Strategic,Distributor,Not approved,
PRJ-DELTA-0250,SF-100249,,R. Weber,10,2026-10-15,District Heating,42599,965568.09,Large,Direct,Not approved,
PRJ-DELTA-0251,SF-100250,APAC-South,H. Lindqvist,50,2026-04-06,Data Center,28032,1144442.4,Strategic,Distributor,Not approved,
PRJ-ALPHA-0252,SF-100251,APAC-South,P. Kovac,90,2026-10-27,Pharma,18004,410476.8,Large,Partner,Not approved,
PRJ-DELTA-0253,SF-100252,EMEA-West,T. Novak,90,2026-07-19,Refrigeration,50848,582309.07,Small,Direct,Not approved,
PRJ-GAMMA-0254,SF-100253,EMEA-West,C. Moreau,90,2026-05-19,Refrigeration,10259,1176295.36,Small,Direct,Not approved,
PRJ-DELTA-0255,SF-100254,LATAM,T. Novak,90,2026-11-28,Data Center,49332,143052.96,Large,OEM,Not approved,
PRJ-BETA-0256,SF-100255,,S. Iyer,50,2026-06-08,District Heating,37329,93284.76,Strategic,Direct,Not approved,
PRJ-EPSILON-0257,SF-100256,,L. Tran,50,2026-04-10,Refrigeration,55163,570293.81,Large,Partner,Not approved,
PRJ-BETA-0258,SF-100257,EMEA-West,C. Moreau,90,2026-07-28,Marine,18715,664044.2,Large,Direct,Not approved,
PRJ-OMEGA-0259,SF-100258,EMEA-East,C. Moreau,25,2026-09-16,Pharma,48738,569534.35,Strategic,Distributor,Not approved,
PRJ-BETA-0260,SF-100259,EMEA-West,J. Park,25,2026-10-09,Pharma,23010,999725.21,Medium,Partner,Not approved,
PRJ-GAMMA-0261,SF-100260,APAC-South,L. Tran,50,2026-05-02,Pharma,23722,475988.77,Strategic,OEM,Not approved,
PRJ-GAMMA-0262,SF-100261,EMEA-East,S. Iyer,50,2026-07-07,Data Center,19663,1149951.29,Medium,Partner,Not approved,
PRJ-EPSILON-0263,SF-100262,,M. Silva,75,2026-08-09,Pharma,41579,423556.83,Small,OEM,Not approved,
PRJ-ALPHA-0264,SF-100263,APAC-South,K. Suzuki,50,2026-11-26,Industrial,5104,916596.98,Strategic,Distributor,Not approved,
PRJ-EPSILON-0265,SF-100264,LATAM,K. Suzuki,75,2026-12-16,Refrigeration,57752,169722.44,Medium,Direct,Not approved,
PRJ-OMEGA-0266,SF-100265,APAC-East,K. Suzuki,90,2026-06-21,Refrigeration,18412,1018583.64,Medium,Partner,Not approved,
PRJ-DELTA-0267,SF-100266,APAC-East,P. Kovac,10,2026-08-20,Pharma,40057,806029.43,Medium,Direct,Not approved,
PRJ-BETA-0268,SF-100267,APAC-South,L. Tran,25,2026-11-02,Pharma,46660,825455.75,Strategic,Partner,Not approved,
PRJ-OMEGA-0269,SF-100268,EMEA-East,J. Park,90,2026-10-17,Pharma,39549,956675.97,Strategic,Partner,Not approved,
PRJ-OMEGA-0270,SF-100269,APAC-South,L. Tran,50,2026-02-28,Data Center,3547,776599.57,Medium,OEM,Not approved,
PRJ-OMEGA-0271,SF-100270,APAC-South,P. Kovac,75,2026-06-18,Oil & Gas,36750,337742.26,Large,Direct,Not approved,
PRJ-DELTA-0272,SF-100271,EMEA-West,H. Lindqvist,10,2026-04-16,Marine,41436,405105.55,Strategic,Direct,Not approved,
PRJ-EPSILON-0273,SF-100272,APAC-South,M. Akiyama,50,2026-02-26,Food & Beverage,27006,359586.84,Strategic,Partner,Not approved,
PRJ-OMEGA-0274,SF-100273,EMEA-West,S. Iyer,75,2026-11-10,Data Center,47857,851490.35,Strategic,Direct,Not approved,
PRJ-DELTA-0275,SF-100274,EMEA-East,C. Moreau,50,2026-08-16,Industrial,35700,822753.64,Medium,Direct,Not approved,
PRJ-BETA-0276,SF-100275,EMEA-East,C. Moreau,25,2026-08-11,Pharma,53810,530547.83,Strategic,Distributor,Not approved,
PRJ-DELTA-0277,SF-100276,,C. Moreau,90,2026-12-03,District Heating,54210,172166.97,Strategic,Direct,Not approved,
PRJ-DELTA-0278,SF-100277,,C. Moreau,10,2026-10-15,District Heating,59186,746710.67,Medium,Distributor,Not approved,
PRJ-EPSILON-0279,SF-100278,APAC-South,L. Tran,25,2026-03-12,Oil & Gas,13536,309104.75,Large,OEM,Not approved,
PRJ-BETA-0280,SF-100279,EMEA-East,M. Akiyama,25,2026-02-16,Industrial,27786,254460.56,Medium,Distributor,Not approved,
PRJ-GAMMA-0281,SF-100280,EMEA-East,M. Akiyama,10,2026-12-10,Marine,9544,359607.41,Strategic,Partner,Not approved,
PRJ-EPSILON-0282,SF-100281,EMEA-West,T. Novak,10,2026-06-04,Industrial,47860,67487.34,Large,Distributor,Not approved,
PRJ-EPSILON-0283,SF-100282,,T. Novak,75,2026-05-23,Food & Beverage,54680,593703.73,Small,Partner,Not approved,
PRJ-OMEGA-0284,SF-100283,EMEA-West,J. Park,25,2026-09-03,Oil & Gas,38862,444004.86,Strategic,Direct,Not approved,
PRJ-DELTA-0285,SF-100284,APAC-South,S. Iyer,75,2026-12-19,Refrigeration,11336,573006.45,Small,Direct,Not approved,
PRJ-EPSILON-0286,SF-100285,APAC-East,A. Meyer,75,2026-08-08,District Heating,20327,242441.12,Medium,Direct,Not approved,
PRJ-OMEGA-0287,SF-100286,EMEA-East,K. Suzuki,90,2026-03-10,Refrigeration,50625,1145258.6,Large,Distributor,Not approved,
PRJ-ALPHA-0288,SF-100287,APAC-East,L. Tran,25,2026-07-23,Refrigeration,33444,956667.25,Medium,Partner,Not approved,
PRJ-DELTA-0289,SF-100288,EMEA-East,H. Lindqvist,75,2026-08-12,Refrigeration,25867,473621.91,Strategic,Distributor,Not approved,
PRJ-OMEGA-0290,SF-100289,APAC-East,S. Iyer,50,2026-05-15,Industrial,54118,949334.37,Small,Direct,Not approved,
PRJ-ALPHA-0291,SF-100290,APAC-East,L. Tran,90,2026-04-22,Pharma,22128,953135.15,Strategic,Distributor,Not approved,
PRJ-GAMMA-0292,SF-100291,EMEA-East,M. Silva,50,2026-02-05,Food & Beverage,30628,256104.81,Large,Partner,Not approved,
PRJ-EPSILON-0293,SF-100292,EMEA-East,H. Lindqvist,50,2026-08-01,District Heating,43534,76238.14,Small,Distributor,Not approved,
PRJ-ALPHA-0294,SF-100293,,T. Novak,50,2026-08-28,Food & Beverage,3222,450490.0,Strategic,Partner,Not approved,
PRJ-ALPHA-0295,SF-100294,APAC-East,R. Weber,75,2026-10-27,Marine,42480,969426.63,Small,Direct,Not approved,
PRJ-ALPHA-0296,SF-100295,APAC-South,K. Suzuki,90,2026-09-20,Industrial,52171,1105167.83,Medium,Direct,Not approved,
PRJ-OMEGA-0297,SF-100296,EMEA-East,P. Kovac,25,2026-02-26,Industrial,31058,457506.81,Strategic,Distributor,Not approved,
PRJ-BETA-0298,SF-100297,EMEA-East,P. Kovac,10,2026-12-09,Food & Beverage,54085,1152399.94,Strategic,OEM,Not approved,
PRJ-EPSILON-0299,SF-100298,EMEA-East,K. Suzuki,75,2026-08-04,Food & Beverage,19319,174464.23,Medium,Partner,Not approved,
PRJ-ALPHA-0300,SF-100299,APAC-East,M. Akiyama,25,2026-05-23,District Heating,48519,173287.86,Small,Distributor,Not approved,
PRJ-BETA-0301,SF-100300,EMEA-West,K. Suzuki,50,2026-11-06,Food & Beverage,44388,927619.13,Small,Partner,Not approved,
PRJ-BETA-0302,SF-100301,EMEA-East,J. Park,25,2026-12-17,Marine,8178,789715.0,Small,Direct,Not approved,
PRJ-EPSILON-0303,SF-100302,EMEA-West,L. Tran,75,2026-05-05,Food & Beverage,7886,993250.33,Small,OEM,Not approved,
PRJ-BETA-0304,SF-100303,EMEA-East,H. Lindqvist,90,2026-05-15,District Heating,10744,547344.02,Large,Direct,Not approved,
PRJ-DELTA-0305,SF-100304,,J. Park,25,2026-03-01,Refrigeration,16256,713914.54,Small,OEM,Not approved,
PRJ-GAMMA-0306,SF-100305,EMEA-West,H. Lindqvist,75,2026-08-04,Oil & Gas,52711,407646.05,Strategic,Direct,Not approved,
PRJ-BETA-0307,SF-100306,LATAM,J. Park,90,2026-05-13,Pharma,4994,783425.2,Medium,OEM,Not approved,
PRJ-EPSILON-0308,SF-100307,EMEA-West,M. Silva,50,2026-12-24,Industrial,6101,1104139.81,Small,OEM,Not approved,
PRJ-OMEGA-0309,SF-100308,APAC-South,M. Silva,75,2026-02-19,Marine,17833,285817.32,Large,Distributor,Not approved,
PRJ-BETA-0310,SF-100309,APAC-South,C. Moreau,75,2026-10-15,Food & Beverage,18427,585874.49,Medium,Partner,Not approved,
PRJ-DELTA-0311,SF-100310,LATAM,T. Novak,50,2026-02-16,District Heating,56728,962222.27,Large,Partner,Not approved,
PRJ-DELTA-0312,SF-100311,APAC-East,A. Meyer,90,2026-10-27,Refrigeration,6452,365612.03,Strategic,OEM,Not approved,
PRJ-OMEGA-0313,SF-100312,APAC-East,K. Suzuki,25,2026-09-14,District Heating,20716,434393.13,Medium,Partner,Not approved,
PRJ-ALPHA-0314,SF-100313,APAC-East,K. Suzuki,25,2026-09-19,District Heating,48649,943266.4,Strategic,Distributor,Not approved,
PRJ-ALPHA-0315,SF-100314,LATAM,R. Weber,50,2026-02-04,Marine,21633,806403.99,Large,OEM,Not approved,
PRJ-OMEGA-0316,SF-100315,LATAM,K. Suzuki,25,2026-10-06,Marine,7325,1144035.21,Strategic,Distributor,Not approved,
PRJ-BETA-0317,SF-100316,APAC-East,T. Novak,90,2026-05-07,Data Center,33029,1040610.15,Large,OEM,Not approved,
PRJ-GAMMA-0318,SF-100317,EMEA-East,K. Suzuki,75,2026-04-21,Pharma,52572,141514.94,Strategic,Direct,Not approved,
PRJ-EPSILON-0319,SF-100318,APAC-East,K. Suzuki,10,2026-04-20,District Heating,51243,87091.03,Medium,Direct,Not approved,
PRJ-EPSILON-0320,SF-100319,APAC-East,H. Lindqvist,25,2026-03-24,Marine,2353,113399.15,Strategic,Distributor,Not approved,
PRJ-EPSILON-0321,SF-100320,LATAM,A. Meyer,10,2026-08-23,Refrigeration,50304,208948.13,Strategic,Partner,Not approved,
PRJ-GAMMA-0322,SF-100321,EMEA-East,H. Lindqvist,75,2026-03-13,Oil & Gas,12123,213671.98,Large,Direct,Not approved,
PRJ-OMEGA-0323,SF-100322,LATAM,P. Kovac,10,2026-10-24,Industrial,4145,517867.46,Large,Direct,Not approved,
PRJ-EPSILON-0324,SF-100323,LATAM,J. Park,90,2026-04-11,Oil & Gas,54353,1156873.81,Large,Partner,Not approved,
PRJ-ALPHA-0325,SF-100324,EMEA-East,T. Novak,10,2026-10-09,Pharma,2406,999535.73,Medium,Direct,Not approved,
PRJ-GAMMA-0326,SF-100325,,T. Novak,75,2026-04-28,Refrigeration,54959,251601.48,Medium,Distributor,Not approved,
PRJ-DELTA-0327,SF-100326,APAC-East,L. Tran,10,2026-07-03,Oil & Gas,35154,1046417.24,Strategic,Partner,Not approved,
PRJ-EPSILON-0328,SF-100327,,M. Akiyama,25,2026-09-17,Marine,26062,894845.07,Strategic,Distributor,Not approved,
PRJ-EPSILON-0329,SF-100328,EMEA-East,A. Meyer,75,2026-05-13,Marine,48619,746281.33,Strategic,Partner,Not approved,
PRJ-BETA-0330,SF-100329,APAC-South,C. Moreau,10,2026-10-10,Refrigeration,1157,721072.03,Medium,Direct,Not approved,
PRJ-GAMMA-0331,SF-100330,LATAM,A. Meyer,75,2026-09-09,Refrigeration,2129,61450.96,Strategic,Distributor,Not approved,
PRJ-EPSILON-0332,SF-100331,APAC-South,A. Meyer,50,2026-11-03,Pharma,47571,240609.74,Large,OEM,Not approved,
PRJ-ALPHA-0333,SF-100332,,A. Meyer,90,2026-12-03,Food & Beverage,49310,172762.18,Medium,OEM,Not approved,
PRJ-ALPHA-0334,SF-100333,APAC-East,A. Meyer,10,2026-07-09,Industrial,2547,1177916.63,Strategic,Distributor,Not approved,
PRJ-DELTA-0335,SF-100334,APAC-South,M. Silva,90,2026-04-21,Refrigeration,47521,144701.79,Small,OEM,Not approved,
PRJ-EPSILON-0336,SF-100335,EMEA-East,J. Park,90,2026-05-22,District Heating,29115,264616.64,Large,Distributor,Not approved,
PRJ-GAMMA-0337,SF-100336,EMEA-West,L. Tran,75,2026-07-25,Refrigeration,16471,393657.33,Small,OEM,Not approved,
PRJ-ALPHA-0338,SF-100337,APAC-South,T. Novak,10,2026-03-05,Industrial,23164,29860.42,Medium,Direct,Not approved,
PRJ-OMEGA-0339,SF-100338,EMEA-West,K. Suzuki,25,2026-12-15,Food & Beverage,28802,276511.91,Medium,Direct,Not approved,
PRJ-OMEGA-0340,SF-100339,EMEA-East,K. Suzuki,25,2026-11-27,Marine,55406,658572.49,Large,Partner,Not approved,
PRJ-GAMMA-0341,SF-100340,APAC-South,M. Silva,50,2026-08-06,Data Center,25651,1098002.55,Small,Partner,Not approved,
PRJ-GAMMA-0342,SF-100341,APAC-East,P. Kovac,50,2026-03-06,Food & Beverage,42755,885190.65,Medium,Direct,Not approved,
PRJ-GAMMA-0343,SF-100342,,A. Meyer,90,2026-08-05,Oil & Gas,54464,992033.98,Strategic,Distributor,Not approved,
PRJ-EPSILON-0344,SF-100343,EMEA-West,T. Novak,75,2026-12-08,Oil & Gas,7730,506895.56,Strategic,Distributor,Not approved,
PRJ-EPSILON-0345,SF-100344,EMEA-East,M. Akiyama,25,2026-12-26,Industrial,8420,587027.22,Small,Direct,Not approved,
PRJ-OMEGA-0346,SF-100345,APAC-South,S. Iyer,50,2026-12-27,Marine,32741,829500.5,Strategic,Partner,Not approved,
PRJ-GAMMA-0347,SF-100346,,K. Suzuki,50,2026-04-14,Data Center,15657,577207.59,Medium,OEM,Not approved,
PRJ-EPSILON-0348,SF-100347,APAC-East,A. Meyer,25,2026-09-01,Data Center,8276,654745.11,Large,Direct,Not approved,
PRJ-ALPHA-0349,SF-100348,LATAM,C. Moreau,25,2026-08-26,Refrigeration,48356,158432.11,Small,Distributor,Not approved,
PRJ-DELTA-0350,SF-100349,APAC-South,H. Lindqvist,50,2026-06-08,Refrigeration,56362,1083060.98,Strategic,Direct,Not approved,
PRJ-ALPHA-0351,SF-100350,LATAM,M. Silva,10,2026-12-04,Food & Beverage,20472,160675.08,Strategic,Direct,Not approved,
PRJ-DELTA-0352,SF-100351,EMEA-West,M. Silva,25,2026-05-03,Data Center,11225,64470.57,Large,OEM,Not approved,
PRJ-DELTA-0353,SF-100352,EMEA-East,J. Park,25,2026-05-15,District Heating,18433,117976.89,Strategic,OEM,Not approved,
PRJ-BETA-0354,SF-100353,EMEA-East,K. Suzuki,10,2026-07-18,District Heating,46991,485286.82,Small,Direct,Not approved,
PRJ-DELTA-0355,SF-100354,,K. Suzuki,50,2026-07-27,Marine,51828,688227.5,Strategic,OEM,Not approved,
PRJ-OMEGA-0356,SF-100355,EMEA-East,R. Weber,75,2026-10-23,District Heating,28031,1132756.35,Medium,Direct,Not approved,
PRJ-EPSILON-0357,SF-100356,EMEA-East,H. Lindqvist,50,2026-10-01,Industrial,47160,958649.11,Medium,OEM,Not approved,
PRJ-EPSILON-0358,SF-100357,,K. Suzuki,25,2026-06-10,Oil & Gas,53947,45221.48,Medium,OEM,Not approved,
PRJ-EPSILON-0359,SF-100358,EMEA-West,R. Weber,50,2026-06-21,Pharma,28613,816018.11,Large,OEM,Not approved,
PRJ-ALPHA-0360,SF-100359,EMEA-East,A. Meyer,90,2026-05-20,Data Center,50724,1024845.2,Medium,Direct,Not approved,
PRJ-OMEGA-0361,SF-100360,,C. Moreau,75,2026-03-10,Refrigeration,32691,1142734.78,Large,OEM,Not approved,
PRJ-EPSILON-0362,SF-100361,LATAM,H. Lindqvist,75,2026-05-25,Industrial,40312,568369.94,Large,Partner,Not approved,
PRJ-DELTA-0363,SF-100362,EMEA-East,L. Tran,50,2026-08-05,Pharma,27150,359589.94,Small,Direct,Not approved,
PRJ-EPSILON-0364,SF-100363,APAC-South,L. Tran,90,2026-04-05,Food & Beverage,4272,1143174.81,Large,Distributor,Not approved,
PRJ-DELTA-0365,SF-100364,EMEA-East,L. Tran,50,2026-04-11,District Heating,47811,275832.6,Small,Partner,Not approved,
PRJ-OMEGA-0366,SF-100365,APAC-South,A. Meyer,90,2026-04-19,Oil & Gas,28305,103430.09,Small,Direct,Not approved,
PRJ-GAMMA-0367,SF-100366,EMEA-East,H. Lindqvist,10,2026-08-24,Refrigeration,10771,131645.12,Small,Direct,Not approved,
PRJ-GAMMA-0368,SF-100367,EMEA-East,P. Kovac,50,2026-08-17,Refrigeration,50931,951955.85,Medium,Distributor,Not approved,
PRJ-OMEGA-0369,SF-100368,,K. Suzuki,50,2026-08-23,Industrial,26843,1156183.08,Medium,Direct,Not approved,
PRJ-DELTA-0370,SF-100369,EMEA-East,A. Meyer,25,2026-11-27,Pharma,43706,545149.05,Medium,Partner,Not approved,
PRJ-DELTA-0371,SF-100370,APAC-South,C. Moreau,90,2026-10-28,Industrial,31501,622135.3,Large,Partner,Not approved,
PRJ-OMEGA-0372,SF-100371,EMEA-East,R. Weber,75,2026-06-22,Oil & Gas,39654,973410.0,Strategic,Partner,Not approved,
PRJ-ALPHA-0373,SF-100372,APAC-South,H. Lindqvist,10,2026-07-19,District Heating,58975,1119554.64,Strategic,Partner,Not approved,
PRJ-EPSILON-0374,SF-100373,EMEA-East,K. Suzuki,25,2026-09-26,Marine,30471,757570.47,Medium,OEM,Not approved,
PRJ-BETA-0375,SF-100374,APAC-South,C. Moreau,50,2026-05-07,Refrigeration,23145,375895.66,Medium,Partner,Not approved,
PRJ-GAMMA-0376,SF-100375,APAC-South,T. Novak,90,2026-09-25,Data Center,48680,740019.64,Small,Distributor,Not approved,
PRJ-BETA-0377,SF-100376,APAC-South,P. Kovac,10,2026-12-06,Pharma,6150,131794.54,Small,Distributor,Not approved,
PRJ-BETA-0378,SF-100377,,J. Park,75,2026-10-15,Industrial,40345,520513.85,Medium,Direct,Not approved,
PRJ-ALPHA-0379,SF-100378,LATAM,K. Suzuki,75,2026-02-28,Refrigeration,56374,125476.66,Medium,OEM,Not approved,
PRJ-ALPHA-0380,SF-100379,APAC-South,A. Meyer,25,2026-04-24,Food & Beverage,23011,1170281.25,Small,OEM,Not approved,
PRJ-ALPHA-0381,SF-100380,EMEA-West,T. Novak,10,2026-07-17,Pharma,48029,247267.82,Strategic,Direct,Not approved,
PRJ-OMEGA-0382,SF-100381,EMEA-West,A. Meyer,75,2026-03-10,Marine,37745,713929.38,Small,Partner,Not approved,
PRJ-OMEGA-0383,SF-100382,,P. Kovac,90,2026-12-14,Oil & Gas,8141,721024.12,Strategic,Direct,Not approved,
PRJ-BETA-0384,SF-100383,LATAM,A. Meyer,75,2026-09-24,District Heating,14976,177151.36,Large,Distributor,Not approved,
PRJ-GAMMA-0385,SF-100384,APAC-South,K. Suzuki,10,2026-06-13,Food & Beverage,51427,310204.26,Large,OEM,Not approved,
PRJ-DELTA-0386,SF-100385,EMEA-West,A. Meyer,50,2026-06-23,District Heating,36633,79674.63,Small,OEM,Not approved,
PRJ-GAMMA-0387,SF-100386,APAC-East,P. Kovac,90,2026-11-27,Refrigeration,22911,1135286.68,Small,Partner,Not approved,
PRJ-OMEGA-0388,SF-100387,APAC-East,T. Novak,10,2026-03-03,Industrial,34717,471926.79,Medium,Distributor,Not approved,
PRJ-DELTA-0389,SF-100388,EMEA-West,A. Meyer,25,2026-04-11,Marine,5527,867206.39,Large,Distributor,Not approved,
PRJ-ALPHA-0390,SF-100389,EMEA-West,T. Novak,25,2026-05-07,Pharma,49034,477193.31,Large,Direct,Not approved,
PRJ-GAMMA-0391,SF-100390,,M. Akiyama,75,2026-06-23,Pharma,12248,40833.0,Medium,Direct,Not approved,
PRJ-DELTA-0392,SF-100391,EMEA-West,L. Tran,75,2026-12-17,Pharma,17420,57949.54,Small,Partner,Not approved,
PRJ-DELTA-0393,SF-100392,APAC-South,C. Moreau,25,2026-02-18,Industrial,55806,358122.3,Large,Partner,Not approved,
PRJ-OMEGA-0394,SF-100393,APAC-East,M. Akiyama,25,2026-03-09,Oil & Gas,39050,111458.92,Large,Partner,Not approved,
PRJ-BETA-0395,SF-100394,EMEA-West,H. Lindqvist,50,2026-12-16,Data Center,26186,269780.26,Large,OEM,Not approved,
PRJ-ALPHA-0396,SF-100395,,S. Iyer,75,2026-04-15,Refrigeration,59562,891517.37,Small,Distributor,Not approved,
PRJ-GAMMA-0397,SF-100396,APAC-South,L. Tran,25,2026-07-11,District Heating,15753,274971.98,Strategic,OEM,Not approved,
PRJ-EPSILON-0398,SF-100397,,M. Silva,25,2026-02-25,District Heating,29186,418063.25,Small,OEM,Not approved,
PRJ-BETA-0399,SF-100398,APAC-South,L. Tran,25,2026-04-26,Data Center,11493,222452.25,Strategic,OEM,Not approved,
PRJ-EPSILON-0400,SF-100399,LATAM,J. Park,75,2026-06-12,Refrigeration,6396,212661.77,Medium,Distributor,Not approved,
PRJ-DELTA-0401,SF-100400,LATAM,L. Tran,90,2026-04-10,Marine,15647,1170235.18,Medium,Distributor,Not approved,
PRJ-OMEGA-0402,SF-100401,APAC-South,T. Novak,90,2026-11-27,Industrial,37482,1066863.74,Strategic,Partner,Not approved,
PRJ-BETA-0403,SF-100402,EMEA-West,P. Kovac,25,2026-08-08,Data Center,17648,116658.58,Large,OEM,Not approved,
PRJ-EPSILON-0404,SF-100403,LATAM,C. Moreau,10,2026-11-13,Industrial,13520,843227.6,Small,Distributor,Not approved,
PRJ-EPSILON-0405,SF-100404,APAC-South,L. Tran,10,2026-03-28,Refrigeration,59350,235878.99,Strategic,OEM,Not approved,
PRJ-DELTA-0406,SF-100405,APAC-East,T. Novak,10,2026-09-02,Industrial,12045,1155637.84,Large,OEM,Not approved,
PRJ-OMEGA-0407,SF-100406,APAC-South,M. Akiyama,90,2026-06-01,Oil & Gas,53126,549107.44,Medium,OEM,Not approved,
PRJ-EPSILON-0408,SF-100407,EMEA-West,M. Akiyama,10,2026-11-01,Oil & Gas,13860,475741.92,Medium,OEM,Not approved,
PRJ-GAMMA-0409,SF-100408,LATAM,K. Suzuki,50,2026-03-05,Data Center,14228,1174623.12,Medium,OEM,Not approved,
PRJ-DELTA-0410,SF-100409,APAC-East,H. Lindqvist,25,2026-03-18,Pharma,26336,360758.13,Strategic,Partner,Not approved,
PRJ-GAMMA-0411,SF-100410,EMEA-East,T. Novak,75,2026-05-14,Oil & Gas,24432,164064.04,Strategic,Direct,Not approved,
PRJ-EPSILON-0412,SF-100411,APAC-South,R. Weber,90,2026-07-13,Pharma,8747,358251.22,Strategic,Partner,Not approved,
PRJ-ALPHA-0413,SF-100412,APAC-South,A. Meyer,75,2026-11-21,Refrigeration,11608,869090.38,Medium,Partner,Not approved,
PRJ-GAMMA-0414,SF-100413,EMEA-West,P. Kovac,75,2026-04-09,Marine,28700,421642.76,Medium,Distributor,Not approved,
PRJ-GAMMA-0415,SF-100414,APAC-South,M. Akiyama,50,2026-10-10,Food & Beverage,6887,379098.97,Medium,Distributor,Not approved,
PRJ-BETA-0416,SF-100415,,A. Meyer,25,2026-11-17,Oil & Gas,39513,268067.73,Strategic,Partner,Not approved,
PRJ-BETA-0417,SF-100416,LATAM,L. Tran,10,2026-05-12,District Heating,51498,566802.36,Large,Partner,Not approved,
PRJ-OMEGA-0418,SF-100417,LATAM,C. Moreau,90,2026-02-16,District Heating,4051,445995.7,Small,Distributor,Not approved,
PRJ-EPSILON-0419,SF-100418,APAC-East,M. Akiyama,50,2026-11-26,Refrigeration,56739,1110805.46,Small,Distributor,Not approved,
PRJ-EPSILON-0420,SF-100419,APAC-South,J. Park,25,2026-12-02,Oil & Gas,26888,840590.53,Strategic,OEM,Not approved,
PRJ-ALPHA-0421,SF-100420,,M. Akiyama,90,2026-07-27,Oil & Gas,19714,1001087.35,Large,Direct,Not approved,
PRJ-EPSILON-0422,SF-100421,APAC-East,J. Park,10,2026-09-12,Oil & Gas,23260,513265.73,Large,Direct,Not approved,
PRJ-ALPHA-0423,SF-100422,LATAM,P. Kovac,75,2026-03-15,Data Center,59021,151172.99,Medium,Direct,Not approved,
PRJ-OMEGA-0424,SF-100423,EMEA-West,M. Akiyama,90,2026-04-01,Pharma,16201,390772.22,Strategic,Distributor,Not approved,
PRJ-BETA-0425,SF-100424,,H. Lindqvist,75,2026-10-17,Refrigeration,4936,366952.21,Small,Partner,Not approved,
PRJ-ALPHA-0426,SF-100425,EMEA-East,L. Tran,25,2026-09-24,Refrigeration,48874,627436.98,Medium,Partner,Not approved,
PRJ-OMEGA-0427,SF-100426,,C. Moreau,10,2026-09-09,Oil & Gas,13002,576206.66,Strategic,Partner,Not approved,
PRJ-EPSILON-0428,SF-100427,EMEA-West,A. Meyer,25,2026-06-25,Refrigeration,30927,309658.86,Large,Direct,Not approved,
PRJ-BETA-0429,SF-100428,EMEA-East,T. Novak,75,2026-05-04,Industrial,4997,1114887.1,Strategic,Distributor,Not approved,
PRJ-EPSILON-0430,SF-100429,EMEA-East,K. Suzuki,25,2026-10-14,Oil & Gas,57123,451291.45,Medium,Partner,Not approved,
PRJ-DELTA-0431,SF-100430,LATAM,T. Novak,75,2026-02-05,Marine,58552,837102.27,Small,Distributor,Not approved,
PRJ-DELTA-0432,SF-100431,APAC-East,S. Iyer,10,2026-03-25,Food & Beverage,46054,655490.87,Medium,OEM,Not approved,
PRJ-DELTA-0433,SF-100432,LATAM,M. Akiyama,75,2026-03-15,District Heating,38254,78256.46,Small,Partner,Not approved,
PRJ-OMEGA-0434,SF-100433,EMEA-East,H. Lindqvist,50,2026-03-21,Refrigeration,40117,1091872.88,Medium,Partner,Not approved,
PRJ-EPSILON-0435,SF-100434,EMEA-East,J. Park,25,2026-12-23,Pharma,14785,1077021.35,Large,Partner,Not approved,
PRJ-BETA-0436,SF-100435,EMEA-West,T. Novak,10,2026-11-10,Data Center,2999,356496.82,Large,Partner,Not approved,
PRJ-OMEGA-0437,SF-100436,,R. Weber,90,2026-08-01,Refrigeration,10008,952033.66,Large,Partner,Not approved,
PRJ-EPSILON-0438,SF-100437,EMEA-East,K. Suzuki,90,2026-08-01,Data Center,5903,595773.89,Small,Distributor,Not approved,
PRJ-OMEGA-0439,SF-100438,APAC-South,A. Meyer,75,2026-08-08,Pharma,54949,772558.94,Medium,Distributor,Not approved,
PRJ-DELTA-0440,SF-100439,APAC-East,R. Weber,10,2026-02-28,Oil & Gas,27378,1011638.32,Strategic,Distributor,Not approved,
PRJ-OMEGA-0441,SF-100440,EMEA-East,M. Silva,10,2026-08-20,Marine,27895,862907.6,Large,OEM,Not approved,
PRJ-EPSILON-0442,SF-100441,APAC-South,R. Weber,10,2026-08-05,Marine,30483,158562.32,Large,Distributor,Not approved,
PRJ-ALPHA-0443,SF-100442,APAC-South,C. Moreau,25,2026-08-21,Oil & Gas,36215,63103.73,Medium,Distributor,Not approved,
PRJ-GAMMA-0444,SF-100443,,T. Novak,75,2026-02-19,Data Center,58235,936458.43,Small,Direct,Not approved,
PRJ-BETA-0445,SF-100444,EMEA-East,S. Iyer,50,2026-12-27,Food & Beverage,57828,706910.09,Medium,OEM,Not approved,
PRJ-OMEGA-0446,SF-100445,EMEA-West,M. Akiyama,10,2026-10-20,Food & Beverage,58092,619761.28,Small,Direct,Not approved,
PRJ-BETA-0447,SF-100446,LATAM,S. Iyer,75,2026-12-20,Food & Beverage,8827,430310.93,Small,Distributor,Not approved,
PRJ-GAMMA-0448,SF-100447,EMEA-West,T. Novak,25,2026-04-13,Food & Beverage,45986,255221.57,Medium,Partner,Not approved,
PRJ-OMEGA-0449,SF-100448,LATAM,H. Lindqvist,50,2026-10-08,Marine,2267,300996.24,Large,OEM,Not approved,
PRJ-ALPHA-0450,SF-100449,LATAM,T. Novak,50,2026-04-07,Pharma,31211,1194911.38,Small,OEM,Not approved,
PRJ-BETA-0451,SF-100450,,L. Tran,75,2026-12-10,Data Center,57898,993607.13,Large,OEM,Not approved,
PRJ-OMEGA-0452,SF-100451,EMEA-West,S. Iyer,90,2026-10-27,Marine,31194,1081341.78,Small,Distributor,Not approved,
PRJ-GAMMA-0453,SF-100452,APAC-South,M. Akiyama,75,2026-03-09,Pharma,44069,850948.52,Small,Distributor,Not approved,
PRJ-ALPHA-0454,SF-100453,APAC-East,S. Iyer,10,2026-02-27,Industrial,21588,584908.91,Strategic,Partner,Not approved,
PRJ-GAMMA-0455,SF-100454,APAC-East,S. Iyer,50,2026-09-12,Marine,55675,338929.28,Medium,Distributor,Not approved,
PRJ-OMEGA-0456,SF-100455,APAC-South,T. Novak,50,2026-05-12,Industrial,11995,372961.29,Large,OEM,Not approved,
PRJ-DELTA-0457,SF-100456,EMEA-West,L. Tran,25,2026-05-01,Data Center,48186,1012842.01,Medium,Direct,Not approved,
PRJ-OMEGA-0458,SF-100457,APAC-East,J. Park,75,2026-11-27,District Heating,43138,454785.83,Medium,OEM,Not approved,
PRJ-ALPHA-0459,SF-100458,EMEA-East,S. Iyer,10,2026-04-05,District Heating,24801,528343.49,Strategic,Partner,Not approved,
PRJ-ALPHA-0460,SF-100459,APAC-East,C. Moreau,10,2026-12-09,Industrial,49070,707180.19,Large,OEM,Not approved,
PRJ-DELTA-0461,SF-100460,,T. Novak,10,2026-09-04,Data Center,32396,90544.7,Small,Distributor,Not approved,
PRJ-GAMMA-0462,SF-100461,LATAM,M. Akiyama,10,2026-11-25,Pharma,24056,949757.43,Medium,Direct,Not approved,
PRJ-GAMMA-0463,SF-100462,,J. Park,90,2026-07-14,District Heating,27031,34735.6,Medium,Distributor,Not approved,
PRJ-BETA-0464,SF-100463,LATAM,M. Silva,90,2026-05-21,Oil & Gas,44224,948652.86,Small,Partner,Not approved,
PRJ-EPSILON-0465,SF-100464,APAC-East,M. Silva,90,2026-11-04,Industrial,20565,486663.26,Medium,OEM,Not approved,
PRJ-GAMMA-0466,SF-100465,APAC-East,M. Silva,25,2026-05-19,Refrigeration,51367,515872.75,Large,OEM,Not approved,
PRJ-GAMMA-0467,SF-100466,APAC-South,C. Moreau,50,2026-12-27,District Heating,51293,254190.72,Small,Distributor,Not approved,
PRJ-DELTA-0468,SF-100467,,T. Novak,75,2026-08-07,Data Center,42796,149907.7,Medium,Distributor,Not approved,
PRJ-EPSILON-0469,SF-100468,,T. Novak,90,2026-09-05,Food & Beverage,7174,904944.98,Small,OEM,Not approved,
PRJ-GAMMA-0470,SF-100469,EMEA-East,M. Silva,10,2026-11-08,Refrigeration,27278,1137954.85,Medium,Distributor,Not approved,
PRJ-BETA-0471,SF-100470,LATAM,A. Meyer,25,2026-08-25,Food & Beverage,8309,975727.9,Large,OEM,Not approved,
PRJ-DELTA-0472,SF-100471,EMEA-East,J. Park,25,2026-07-08,Marine,51547,905371.89,Small,OEM,Not approved,
PRJ-ALPHA-0473,SF-100472,EMEA-East,C. Moreau,25,2026-10-08,Pharma,53907,1079156.29,Strategic,Direct,Not approved,
PRJ-GAMMA-0474,SF-100473,APAC-East,A. Meyer,10,2026-09-19,District Heating,42312,67934.22,Small,Distributor,Not approved,
PRJ-GAMMA-0475,SF-100474,EMEA-East,C. Moreau,50,2026-05-07,Marine,4834,500338.78,Strategic,Direct,Not approved,
PRJ-OMEGA-0476,SF-100475,EMEA-West,L. Tran,50,2026-02-26,Industrial,11207,450152.85,Small,Direct,Not approved,
PRJ-EPSILON-0477,SF-100476,,C. Moreau,75,2026-04-10,Marine,10555,1172359.31,Strategic,Direct,Not approved,
PRJ-BETA-0478,SF-100477,APAC-East,K. Suzuki,90,2026-03-24,Refrigeration,52334,921395.32,Strategic,Distributor,Not approved,
PRJ-OMEGA-0479,SF-100478,,R. Weber,10,2026-09-24,Refrigeration,34600,902819.68,Medium,Distributor,Not approved,
PRJ-DELTA-0480,SF-100479,,K. Suzuki,25,2026-12-14,Pharma,52475,1116287.69,Strategic,Direct,Not approved,
PRJ-OMEGA-0481,SF-100480,,H. Lindqvist,75,2026-04-01,Data Center,34927,564170.5,Medium,Distributor,Not approved,
PRJ-ALPHA-0482,SF-100481,LATAM,S. Iyer,10,2026-05-23,Refrigeration,6932,240961.57,Small,Partner,Not approved,
PRJ-ALPHA-0483,SF-100482,EMEA-West,M. Akiyama,50,2026-04-18,Marine,29404,1027449.97,Large,Distributor,Not approved,
PRJ-ALPHA-0484,SF-100483,LATAM,M. Akiyama,25,2026-12-13,Oil & Gas,23104,792791.1,Medium,Distributor,Not approved,
PRJ-GAMMA-0485,SF-100484,,R. Weber,10,2026-11-24,Marine,11633,297355.84,Large,OEM,Not approved,
PRJ-BETA-0486,SF-100485,LATAM,J. Park,10,2026-12-06,Marine,21739,252590.39,Small,Direct,Not approved,
PRJ-GAMMA-0487,SF-100486,,J. Park,50,2026-05-24,Food & Beverage,30458,448384.18,Medium,Partner,Not approved,
PRJ-BETA-0488,SF-100487,APAC-East,P. Kovac,25,2026-08-18,Oil & Gas,19136,1081135.9,Large,Distributor,Not approved,
PRJ-ALPHA-0489,SF-100488,EMEA-East,C. Moreau,25,2026-05-08,Oil & Gas,48792,456007.34,Medium,Distributor,Not approved,
PRJ-GAMMA-0490,SF-100489,LATAM,T. Novak,75,2026-05-09,Marine,4420,63135.5,Large,Partner,Not approved,
PRJ-ALPHA-0491,SF-100490,EMEA-West,S. Iyer,90,2026-10-06,Food & Beverage,26014,771062.18,Large,OEM,Not approved,
PRJ-EPSILON-0492,SF-100491,APAC-East,S. Iyer,25,2026-07-13,Industrial,36197,347205.97,Strategic,Distributor,Not approved,
PRJ-EPSILON-0493,SF-100492,LATAM,R. Weber,90,2026-04-28,District Heating,23462,854429.23,Strategic,Partner,Not approved,
PRJ-BETA-0494,SF-100493,EMEA-East,C. Moreau,75,2026-12-15,Refrigeration,40419,530093.14,Strategic,Distributor,Not approved,
PRJ-OMEGA-0495,SF-100494,,K. Suzuki,75,2026-09-25,Data Center,23396,883622.52,Strategic,OEM,Not approved,
PRJ-OMEGA-0496,SF-100495,EMEA-East,T. Novak,75,2026-07-26,Industrial,44213,370368.19,Strategic,Distributor,Not approved,
PRJ-GAMMA-0497,SF-100496,LATAM,A. Meyer,75,2026-06-04,Pharma,18444,41920.9,Large,Partner,Not approved,
PRJ-BETA-0498,SF-100497,LATAM,T. Novak,25,2026-04-27,Industrial,17053,354689.98,Medium,OEM,Not approved,
PRJ-BETA-0499,SF-100498,EMEA-East,M. Akiyama,75,2026-02-06,District Heating,49030,1145149.86,Large,Direct,Not approved,
PRJ-EPSILON-0500,SF-100499,,T. Novak,50,2026-11-16,Oil & Gas,17519,196950.82,Small,OEM,Not approved,
PRJ-DELTA-0501,SF-100500,,M. Akiyama,25,2026-10-03,District Heating,32711,728824.63,Strategic,Partner,Not approved,
PRJ-ALPHA-0502,SF-100501,APAC-East,P. Kovac,90,2026-03-08,Refrigeration,17354,730379.88,Strategic,Distributor,Not approved,
PRJ-ALPHA-0503,SF-100502,APAC-East,A. Meyer,75,2026-10-23,Refrigeration,13104,181458.46,Medium,Distributor,Not approved,
PRJ-BETA-0504,SF-100503,APAC-South,C. Moreau,25,2026-12-28,Oil & Gas,39321,371568.56,Medium,Direct,Not approved,
PRJ-BETA-0505,SF-100504,EMEA-West,L. Tran,75,2026-03-18,Marine,21422,736065.94,Large,Direct,Not approved,
PRJ-BETA-0506,SF-100505,,C. Moreau,90,2026-08-18,Pharma,35175,885184.33,Large,Partner,Not approved,
PRJ-GAMMA-0507,SF-100506,APAC-South,T. Novak,10,2026-12-02,Marine,41598,1113364.18,Strategic,Distributor,Not approved,
PRJ-DELTA-0508,SF-100507,APAC-South,R. Weber,25,2026-05-21,Data Center,42904,745155.21,Small,Partner,Not approved,
PRJ-GAMMA-0509,SF-100508,EMEA-East,P. Kovac,90,2026-07-17,Pharma,48838,952363.3,Medium,Partner,Not approved,
PRJ-DELTA-0510,SF-100509,,J. Park,25,2026-08-21,Industrial,11681,90448.91,Strategic,Distributor,Not approved,
PRJ-ALPHA-0511,SF-100510,EMEA-East,C. Moreau,25,2026-08-10,Marine,37901,730083.18,Large,OEM,Not approved,
PRJ-BETA-0512,SF-100511,EMEA-West,L. Tran,10,2026-11-24,Data Center,50626,26456.2,Strategic,Distributor,Not approved,
PRJ-DELTA-0513,SF-100512,APAC-East,L. Tran,75,2026-02-09,Food & Beverage,21134,214788.35,Large,Partner,Not approved,
PRJ-BETA-0514,SF-100513,EMEA-West,S. Iyer,25,2026-06-27,Pharma,20913,1043006.25,Large,Partner,Not approved,
PRJ-DELTA-0515,SF-100514,EMEA-East,M. Akiyama,50,2026-05-02,Refrigeration,35473,802581.06,Strategic,Direct,Not approved,
PRJ-OMEGA-0516,SF-100515,LATAM,S. Iyer,25,2026-06-15,Refrigeration,51274,895964.04,Medium,Partner,Not approved,
PRJ-BETA-0517,SF-100516,APAC-South,L. Tran,25,2026-04-28,Marine,30568,900236.81,Strategic,Partner,Not approved,
PRJ-BETA-0518,SF-100517,APAC-East,C. Moreau,50,2026-03-04,Oil & Gas,38700,135720.15,Strategic,Direct,Not approved,
PRJ-GAMMA-0519,SF-100518,APAC-South,P. Kovac,25,2026-06-16,Food & Beverage,23428,863521.86,Medium,Direct,Not approved,
PRJ-BETA-0520,SF-100519,EMEA-East,J. Park,10,2026-05-28,Refrigeration,25199,834835.36,Strategic,Partner,Not approved,
PRJ-ALPHA-0521,SF-100520,LATAM,J. Park,50,2026-12-12,Industrial,1680,629925.87,Small,OEM,Not approved,
PRJ-ALPHA-0522,SF-100521,,A. Meyer,50,2026-02-05,Industrial,46046,447077.59,Small,OEM,Not approved,
PRJ-BETA-0523,SF-100522,EMEA-West,T. Novak,90,2026-04-12,Pharma,4895,754177.9,Small,Direct,Not approved,
PRJ-OMEGA-0524,SF-100523,LATAM,H. Lindqvist,75,2026-04-27,Oil & Gas,29054,1046282.26,Small,Distributor,Not approved,
PRJ-EPSILON-0525,SF-100524,,R. Weber,75,2026-07-12,Oil & Gas,52235,117317.63,Large,OEM,Not approved,
PRJ-BETA-0526,SF-100525,,M. Silva,50,2026-05-16,Oil & Gas,22050,1008210.36,Medium,Partner,Not approved,
PRJ-ALPHA-0527,SF-100526,APAC-East,K. Suzuki,50,2026-10-09,Food & Beverage,4584,1159765.82,Strategic,Distributor,Not approved,
PRJ-ALPHA-0528,SF-100527,EMEA-West,L. Tran,10,2026-08-02,Data Center,50559,125512.04,Strategic,OEM,Not approved,
PRJ-EPSILON-0529,SF-100528,,C. Moreau,50,2026-04-16,Refrigeration,57462,272847.45,Strategic,Direct,Not approved,
PRJ-OMEGA-0530,SF-100529,,J. Park,75,2026-07-21,Food & Beverage,37692,292624.24,Small,Direct,Not approved,
PRJ-BETA-0531,SF-100530,EMEA-West,S. Iyer,10,2026-08-28,Pharma,19734,888093.16,Medium,Direct,Not approved,
PRJ-GAMMA-0532,SF-100531,EMEA-East,R. Weber,90,2026-04-04,District Heating,24485,525067.92,Small,Direct,Not approved,
PRJ-DELTA-0533,SF-100532,,P. Kovac,90,2026-12-12,District Heating,25143,559633.76,Medium,OEM,Not approved,
PRJ-DELTA-0534,SF-100533,APAC-East,M. Silva,25,2026-09-12,Food & Beverage,9959,30087.72,Medium,Partner,Not approved,
PRJ-OMEGA-0535,SF-100534,APAC-South,R. Weber,90,2026-11-08,Data Center,2370,723304.23,Small,Partner,Not approved,
PRJ-ALPHA-0536,SF-100535,APAC-South,S. Iyer,90,2026-12-12,Refrigeration,21549,353382.92,Small,Distributor,Not approved,
PRJ-OMEGA-0537,SF-100536,EMEA-East,H. Lindqvist,25,2026-05-25,Food & Beverage,18080,1015168.35,Large,OEM,Not approved,
PRJ-OMEGA-0538,SF-100537,APAC-East,H. Lindqvist,25,2026-05-20,Refrigeration,14141,958887.52,Large,OEM,Not approved,
PRJ-GAMMA-0539,SF-100538,LATAM,R. Weber,10,2026-06-25,Marine,56296,615554.69,Small,Partner,Not approved,
PRJ-OMEGA-0540,SF-100539,,L. Tran,50,2026-12-12,Pharma,16129,1050530.32,Small,Distributor,Not approved,
PRJ-ALPHA-0541,SF-100540,LATAM,M. Akiyama,90,2026-10-24,Pharma,49366,770490.78,Large,Distributor,Not approved,
PRJ-BETA-0542,SF-100541,LATAM,T. Novak,90,2026-06-01,Oil & Gas,12551,1184944.49,Small,Partner,Not approved,
PRJ-BETA-0543,SF-100542,,M. Akiyama,90,2026-03-20,Refrigeration,5234,1167493.02,Medium,Direct,Not approved,
PRJ-GAMMA-0544,SF-100543,LATAM,S. Iyer,90,2026-08-17,Food & Beverage,20199,490616.65,Small,Distributor,Not approved,
PRJ-DELTA-0545,SF-100544,APAC-East,H. Lindqvist,50,2026-05-10,District Heating,15260,430542.96,Large,Partner,Not approved,
PRJ-DELTA-0546,SF-100545,APAC-South,C. Moreau,10,2026-02-11,Oil & Gas,52621,487413.41,Medium,OEM,Not approved,
PRJ-ALPHA-0547,SF-100546,EMEA-East,S. Iyer,75,2026-12-19,Industrial,36953,1144905.94,Small,OEM,Not approved,
PRJ-ALPHA-0548,SF-100547,EMEA-West,C. Moreau,75,2026-05-13,Food & Beverage,6056,234961.97,Small,Direct,Not approved,
PRJ-BETA-0549,SF-100548,EMEA-East,C. Moreau,75,2026-06-26,Industrial,52267,773296.89,Medium,Partner,Not approved,
PRJ-DELTA-0550,SF-100549,LATAM,M. Akiyama,90,2026-07-10,Refrigeration,6317,61449.98,Large,Partner,Not approved,
PRJ-EPSILON-0551,SF-100550,APAC-East,P. Kovac,10,2026-10-22,Pharma,32329,379469.67,Small,OEM,Not approved,
PRJ-ALPHA-0552,SF-100551,APAC-East,P. Kovac,90,2026-12-02,Data Center,23114,378159.91,Medium,Partner,Not approved,
PRJ-BETA-0553,SF-100552,,M. Silva,10,2026-10-05,Data Center,33552,520417.22,Small,Distributor,Not approved,
PRJ-ALPHA-0554,SF-100553,EMEA-East,T. Novak,90,2026-10-08,District Heating,57727,1182229.54,Large,Partner,Not approved,
PRJ-OMEGA-0555,SF-100554,APAC-South,M. Silva,10,2026-08-04,Food & Beverage,18880,901954.55,Medium,OEM,Not approved,
PRJ-DELTA-0556,SF-100555,,M. Silva,10,2026-11-01,Refrigeration,41565,1044638.8,Strategic,Partner,Not approved,
PRJ-ALPHA-0557,SF-100556,,H. Lindqvist,75,2026-03-10,Oil & Gas,54832,787928.23,Strategic,Partner,Not approved,
PRJ-GAMMA-0558,SF-100557,LATAM,H. Lindqvist,50,2026-08-27,Pharma,3759,145411.69,Small,Distributor,Not approved,
PRJ-GAMMA-0559,SF-100558,,T. Novak,90,2026-12-24,District Heating,19366,137536.83,Strategic,OEM,Not approved,
PRJ-BETA-0560,SF-100559,,R. Weber,50,2026-05-07,Industrial,42479,266729.19,Strategic,Direct,Not approved,
PRJ-DELTA-0561,SF-100560,LATAM,H. Lindqvist,90,2026-12-27,District Heating,38454,533476.4,Small,Distributor,Not approved,
PRJ-ALPHA-0562,SF-100561,APAC-South,M. Akiyama,50,2026-06-08,Pharma,46832,987068.64,Strategic,Direct,Not approved,
PRJ-DELTA-0563,SF-100562,,C. Moreau,50,2026-05-27,Oil & Gas,15172,384321.05,Small,Partner,Not approved,
PRJ-GAMMA-0564,SF-100563,EMEA-West,H. Lindqvist,75,2026-08-06,Pharma,47065,766610.11,Medium,Partner,Not approved,
PRJ-DELTA-0565,SF-100564,,L. Tran,90,2026-02-12,Industrial,41061,775357.45,Strategic,Direct,Not approved,
PRJ-OMEGA-0566,SF-100565,APAC-East,L. Tran,50,2026-12-18,Marine,55200,530581.24,Medium,Distributor,Not approved,
PRJ-BETA-0567,SF-100566,EMEA-East,M. Silva,10,2026-06-07,Food & Beverage,22632,1002696.13,Strategic,Direct,Not approved,
PRJ-OMEGA-0568,SF-100567,APAC-South,K. Suzuki,50,2026-10-03,Refrigeration,46377,51815.9,Medium,Partner,Not approved,
PRJ-ALPHA-0569,SF-100568,EMEA-West,M. Akiyama,50,2026-05-26,District Heating,27920,697298.7,Small,Partner,Not approved,
PRJ-GAMMA-0570,SF-100569,,R. Weber,10,2026-10-17,Food & Beverage,41506,992663.26,Small,OEM,Not approved,
PRJ-ALPHA-0571,SF-100570,,A. Meyer,10,2026-08-13,District Heating,27409,173422.05,Small,Direct,Not approved,
PRJ-EPSILON-0572,SF-100571,APAC-South,J. Park,50,2026-09-23,Refrigeration,57407,82077.72,Small,Distributor,Not approved,
PRJ-ALPHA-0573,SF-100572,,T. Novak,90,2026-05-16,Food & Beverage,26628,978717.37,Strategic,Distributor,Not approved,
PRJ-BETA-0574,SF-100573,EMEA-East,M. Silva,75,2026-10-07,Pharma,10057,84972.24,Strategic,Partner,Not approved,
PRJ-DELTA-0575,SF-100574,,P. Kovac,50,2026-06-19,Refrigeration,43958,343030.21,Strategic,OEM,Not approved,
PRJ-GAMMA-0576,SF-100575,LATAM,T. Novak,10,2026-02-08,District Heating,29879,580620.96,Strategic,Partner,Not approved,
PRJ-OMEGA-0577,SF-100576,EMEA-West,L. Tran,25,2026-11-25,Food & Beverage,15758,616513.68,Strategic,OEM,Not approved,
PRJ-GAMMA-0578,SF-100577,,M. Silva,10,2026-11-04,Data Center,52501,928705.99,Medium,Direct,Not approved,
PRJ-BETA-0579,SF-100578,APAC-South,K. Suzuki,25,2026-06-23,Pharma,7579,1061087.78,Small,Direct,Not approved,
PRJ-DELTA-0580,SF-100579,APAC-South,M. Akiyama,90,2026-05-22,Food & Beverage,4890,813012.85,Large,Direct,Not approved,
PRJ-ALPHA-0581,SF-100580,LATAM,T. Novak,50,2026-05-17,Data Center,27118,273393.05,Medium,Distributor,Not approved,
PRJ-BETA-0582,SF-100581,EMEA-East,M. Silva,10,2026-07-08,Refrigeration,3875,1107841.02,Large,OEM,Not approved,
PRJ-OMEGA-0583,SF-100582,APAC-South,M. Akiyama,10,2026-08-24,Industrial,57669,557858.6,Large,Distributor,Not approved,
PRJ-OMEGA-0584,SF-100583,,M. Silva,75,2026-02-28,Food & Beverage,48693,1011556.74,Strategic,Distributor,Not approved,
PRJ-DELTA-0585,SF-100584,EMEA-East,L. Tran,25,2026-10-03,Food & Beverage,12467,350914.44,Medium,Direct,Not approved,
PRJ-OMEGA-0586,SF-100585,LATAM,P. Kovac,75,2026-05-08,Industrial,24544,215180.27,Small,Partner,Not approved,
PRJ-EPSILON-0587,SF-100586,EMEA-East,R. Weber,10,2026-04-09,Marine,43544,530532.22,Medium,Partner,Not approved,
PRJ-BETA-0588,SF-100587,APAC-East,K. Suzuki,25,2026-07-23,Food & Beverage,2887,818199.47,Strategic,Direct,Not approved,
PRJ-BETA-0589,SF-100588,,M. Akiyama,90,2026-04-28,Food & Beverage,34330,1042175.07,Large,Partner,Not approved,
PRJ-BETA-0590,SF-100589,,C. Moreau,10,2026-08-14,Marine,34700,611568.56,Strategic,Distributor,Not approved,
PRJ-GAMMA-0591,SF-100590,,K. Suzuki,10,2026-06-23,District Heating,55408,882515.73,Small,Partner,Not approved,
PRJ-DELTA-0592,SF-100591,,J. Park,10,2026-04-21,Oil & Gas,15107,746785.07,Large,Partner,Not approved,
PRJ-BETA-0593,SF-100592,LATAM,P. Kovac,50,2026-06-24,Oil & Gas,55763,895029.48,Medium,Distributor,Not approved,
PRJ-ALPHA-0594,SF-100593,LATAM,S. Iyer,90,2026-04-04,Food & Beverage,14987,942814.87,Large,Direct,Not approved,
PRJ-EPSILON-0595,SF-100594,LATAM,A. Meyer,25,2026-06-10,Industrial,20931,686751.24,Large,Distributor,Not approved,
PRJ-GAMMA-0596,SF-100595,APAC-East,M. Silva,50,2026-10-10,Data Center,42425,188744.96,Strategic,OEM,Not approved,
PRJ-BETA-0597,SF-100596,APAC-East,K. Suzuki,75,2026-04-12,District Heating,37168,471045.49,Strategic,Direct,Not approved,
PRJ-DELTA-0598,SF-100597,APAC-East,S. Iyer,90,2026-05-12,District Heating,22921,763397.0,Large,OEM,Not approved,
PRJ-BETA-0599,SF-100598,EMEA-East,T. Novak,50,2026-07-23,Refrigeration,10589,715145.87,Medium,Direct,Not approved,
PRJ-ALPHA-0600,SF-100599,APAC-East,A. Meyer,50,2026-09-23,Oil & Gas,28867,934978.62,Small,Direct,Not approved,
PRJ-ALPHA-0601,SF-100600,EMEA-East,P. Kovac,25,2026-12-25,District Heating,57904,1199427.19,Large,Partner,Not approved,
PRJ-ALPHA-0602,SF-100601,LATAM,A. Meyer,75,2026-12-27,Oil & Gas,32098,803381.12,Large,Direct,Not approved,
PRJ-BETA-0603,SF-100602,LATAM,A. Meyer,75,2026-07-24,Refrigeration,34989,803461.6,Large,Partner,Not approved,
PRJ-DELTA-0604,SF-100603,EMEA-East,C. Moreau,75,2026-04-12,District Heating,38812,352100.98,Medium,OEM,Not approved,
PRJ-BETA-0605,SF-100604,APAC-South,R. Weber,75,2026-07-16,Marine,38119,395219.44,Medium,Distributor,Not approved,
PRJ-GAMMA-0606,SF-100605,EMEA-West,C. Moreau,90,2026-12-15,Data Center,34037,1011620.27,Small,Distributor,Not approved,
PRJ-GAMMA-0607,SF-100606,,K. Suzuki,10,2026-07-22,District Heating,16062,266977.75,Large,Distributor,Not approved,
PRJ-BETA-0608,SF-100607,,M. Silva,75,2026-10-20,Pharma,21770,136317.05,Large,Distributor,Not approved,
PRJ-GAMMA-0609,SF-100608,,P. Kovac,10,2026-11-12,Refrigeration,37917,1005554.61,Medium,Partner,Not approved,
PRJ-GAMMA-0610,SF-100609,EMEA-East,A. Meyer,10,2026-06-24,Refrigeration,3477,241468.41,Small,Direct,Not approved,
PRJ-BETA-0611,SF-100610,EMEA-East,P. Kovac,50,2026-02-20,Pharma,21162,599481.73,Medium,Partner,Not approved,
PRJ-GAMMA-0612,SF-100611,EMEA-West,M. Akiyama,10,2026-02-05,Industrial,50400,556232.2,Small,OEM,Not approved,
PRJ-BETA-0613,SF-100612,EMEA-East,H. Lindqvist,10,2026-06-12,Data Center,57048,657125.48,Small,Partner,Not approved,
PRJ-GAMMA-0614,SF-100613,EMEA-East,R. Weber,75,2026-11-13,Industrial,7130,185100.99,Medium,Partner,Not approved,
PRJ-EPSILON-0615,SF-100614,EMEA-West,K. Suzuki,50,2026-11-16,Industrial,37367,993641.47,Large,OEM,Not approved,
PRJ-EPSILON-0616,SF-100615,EMEA-West,R. Weber,90,2026-07-26,Food & Beverage,44114,640183.72,Strategic,Distributor,Not approved,
PRJ-GAMMA-0617,SF-100616,EMEA-East,H. Lindqvist,50,2026-04-18,Data Center,48236,46575.02,Small,Partner,Not approved,
PRJ-EPSILON-0618,SF-100617,APAC-East,M. Silva,75,2026-11-07,District Heating,17739,669971.76,Medium,Distributor,Not approved,
PRJ-EPSILON-0619,SF-100618,APAC-East,K. Suzuki,75,2026-11-02,Data Center,27597,119404.35,Strategic,Distributor,Not approved,
PRJ-BETA-0620,SF-100619,EMEA-West,C. Moreau,10,2026-03-18,Data Center,21419,184439.15,Small,Direct,Not approved,
PRJ-OMEGA-0621,SF-100620,,T. Novak,25,2026-10-05,Data Center,47939,244187.41,Strategic,Direct,Not approved,
PRJ-ALPHA-0622,SF-100621,EMEA-East,L. Tran,90,2026-11-18,Oil & Gas,42262,387289.64,Large,Distributor,Not approved,
PRJ-GAMMA-0623,SF-100622,APAC-South,R. Weber,50,2026-05-11,Food & Beverage,50896,962640.21,Small,Partner,Not approved,
PRJ-ALPHA-0624,SF-100623,APAC-South,S. Iyer,25,2026-11-11,District Heating,38211,960704.82,Small,Partner,Not approved,
PRJ-DELTA-0625,SF-100624,LATAM,C. Moreau,90,2026-07-21,Food & Beverage,33631,688793.75,Medium,OEM,Not approved,
PRJ-ALPHA-0626,SF-100625,APAC-South,T. Novak,10,2026-05-08,District Heating,9214,957718.44,Medium,Distributor,Not approved,
PRJ-DELTA-0627,SF-100626,LATAM,A. Meyer,75,2026-11-24,Refrigeration,31169,893899.33,Strategic,Distributor,Not approved,
PRJ-ALPHA-0628,SF-100627,EMEA-West,R. Weber,50,2026-06-18,Data Center,50609,599363.11,Large,Distributor,Not approved,
PRJ-DELTA-0629,SF-100628,,T. Novak,75,2026-05-18,Food & Beverage,26030,1059040.14,Large,Partner,Not approved,
PRJ-OMEGA-0630,SF-100629,APAC-East,T. Novak,75,2026-07-04,Marine,7911,1120819.58,Large,Partner,Not approved,
PRJ-OMEGA-0631,SF-100630,LATAM,C. Moreau,50,2026-07-27,Industrial,16464,77435.47,Small,OEM,Not approved,
PRJ-ALPHA-0632,SF-100631,LATAM,P. Kovac,75,2026-02-22,District Heating,19497,910609.61,Large,OEM,Not approved,
PRJ-OMEGA-0633,SF-100632,APAC-South,M. Silva,10,2026-11-12,Industrial,43172,189141.51,Strategic,Distributor,Not approved,
PRJ-DELTA-0634,SF-100633,LATAM,P. Kovac,75,2026-12-10,Marine,3601,749473.3,Medium,Distributor,Not approved,
PRJ-DELTA-0635,SF-100634,EMEA-East,C. Moreau,25,2026-05-23,Food & Beverage,50970,901787.19,Medium,Distributor,Not approved,
PRJ-BETA-0636,SF-100635,,J. Park,50,2026-02-24,Food & Beverage,4526,612678.47,Large,Partner,Not approved,
PRJ-BETA-0637,SF-100636,APAC-South,T. Novak,25,2026-09-25,Food & Beverage,53198,1027981.12,Large,Distributor,Not approved,
PRJ-BETA-0638,SF-100637,,T. Novak,25,2026-06-11,Data Center,21261,827732.2,Medium,Partner,Not approved,
PRJ-OMEGA-0639,SF-100638,LATAM,H. Lindqvist,25,2026-07-11,Data Center,44555,959028.7,Small,Distributor,Not approved,
PRJ-EPSILON-0640,SF-100639,APAC-South,K. Suzuki,90,2026-07-11,Oil & Gas,37700,720759.48,Strategic,Direct,Not approved,
PRJ-OMEGA-0641,SF-100640,APAC-South,S. Iyer,10,2026-09-16,Food & Beverage,52858,311769.59,Strategic,Distributor,Not approved,
PRJ-EPSILON-0642,SF-100641,APAC-South,S. Iyer,50,2026-11-09,Pharma,5865,717251.8,Small,Partner,Not approved,
PRJ-ALPHA-0643,SF-100642,APAC-South,A. Meyer,25,2026-06-07,Pharma,2896,473628.39,Large,Direct,Not approved,
PRJ-OMEGA-0644,SF-100643,,H. Lindqvist,50,2026-04-09,Industrial,50476,96393.01,Medium,Distributor,Not approved,
PRJ-ALPHA-0645,SF-100644,APAC-East,S. Iyer,75,2026-09-02,Pharma,54570,1028467.93,Small,OEM,Not approved,
PRJ-GAMMA-0646,SF-100645,EMEA-West,T. Novak,50,2026-11-23,Oil & Gas,21790,793853.15,Large,OEM,Not approved,
PRJ-DELTA-0647,SF-100646,,K. Suzuki,50,2026-02-05,Data Center,21606,1022650.47,Strategic,Partner,Not approved,
PRJ-EPSILON-0648,SF-100647,,M. Akiyama,90,2026-11-02,Food & Beverage,1410,1087547.44,Medium,Partner,Not approved,
PRJ-EPSILON-0649,SF-100648,LATAM,J. Park,25,2026-03-08,Refrigeration,25510,34288.59,Small,Direct,Not approved,
PRJ-BETA-0650,SF-100649,APAC-East,A. Meyer,75,2026-12-18,Oil & Gas,43795,256902.45,Small,OEM,Not approved,
PRJ-BETA-0651,SF-100650,EMEA-East,J. Park,50,2026-09-08,Pharma,13670,543834.52,Medium,Distributor,Not approved,
PRJ-OMEGA-0652,SF-100651,APAC-East,H. Lindqvist,90,2026-07-26,Oil & Gas,23707,70969.77,Medium,Direct,Not approved,
PRJ-DELTA-0653,SF-100652,LATAM,T. Novak,25,2026-08-11,Food & Beverage,24666,142502.32,Strategic,OEM,Not approved,
PRJ-ALPHA-0654,SF-100653,EMEA-West,C. Moreau,10,2026-11-25,Data Center,15741,624962.91,Medium,Direct,Not approved,
PRJ-OMEGA-0655,SF-100654,EMEA-West,C. Moreau,25,2026-08-23,Data Center,28398,1111519.24,Small,Distributor,Not approved,
PRJ-EPSILON-0656,SF-100655,LATAM,J. Park,25,2026-02-18,Food & Beverage,47442,787168.87,Large,OEM,Not approved,
PRJ-OMEGA-0657,SF-100656,LATAM,J. Park,75,2026-07-18,District Heating,54852,267471.8,Large,Distributor,Not approved,
PRJ-GAMMA-0658,SF-100657,EMEA-East,H. Lindqvist,50,2026-06-14,Oil & Gas,47255,42901.5,Large,Distributor,Not approved,
PRJ-ALPHA-0659,SF-100658,APAC-South,R. Weber,75,2026-08-28,Food & Beverage,39275,69954.47,Large,Direct,Not approved,
PRJ-OMEGA-0660,SF-100659,EMEA-West,K. Suzuki,50,2026-09-21,Data Center,23879,269273.41,Strategic,Direct,Not approved,
PRJ-OMEGA-0661,SF-100660,EMEA-East,A. Meyer,10,2026-11-01,Industrial,48491,81886.64,Medium,Partner,Not approved,
PRJ-EPSILON-0662,SF-100661,EMEA-West,P. Kovac,50,2026-03-26,Data Center,55907,336927.74,Medium,Partner,Not approved,
PRJ-BETA-0663,SF-100662,,M. Akiyama,75,2026-09-02,District Heating,54939,315986.85,Strategic,OEM,Not approved,
PRJ-EPSILON-0664,SF-100663,APAC-East,A. Meyer,50,2026-11-27,Marine,13678,732467.83,Medium,Partner,Not approved,
PRJ-OMEGA-0665,SF-100664,APAC-East,M. Akiyama,25,2026-10-11,Oil & Gas,54628,818231.88,Strategic,Direct,Not approved,
PRJ-DELTA-0666,SF-100665,EMEA-East,H. Lindqvist,50,2026-12-04,Pharma,33094,897669.73,Small,Direct,Not approved,
PRJ-BETA-0667,SF-100666,APAC-South,T. Novak,50,2026-02-22,Pharma,6486,821113.63,Large,Direct,Not approved,
PRJ-GAMMA-0668,SF-100667,,S. Iyer,50,2026-03-17,Food & Beverage,48214,504622.88,Medium,Direct,Not approved,
PRJ-BETA-0669,SF-100668,EMEA-East,R. Weber,75,2026-07-18,Pharma,3830,268979.63,Large,OEM,Not approved,
PRJ-BETA-0670,SF-100669,EMEA-East,H. Lindqvist,25,2026-07-08,Food & Beverage,30648,893800.75,Strategic,OEM,Not approved,
PRJ-OMEGA-0671,SF-100670,EMEA-West,H. Lindqvist,75,2026-06-14,Marine,36324,981681.58,Medium,Partner,Not approved,
PRJ-BETA-0672,SF-100671,APAC-South,J. Park,90,2026-12-10,Oil & Gas,35262,360389.97,Medium,Direct,Not approved,
PRJ-ALPHA-0673,SF-100672,EMEA-West,K. Suzuki,90,2026-04-28,Oil & Gas,32146,516182.48,Small,OEM,Not approved,
PRJ-BETA-0674,SF-100673,LATAM,C. Moreau,90,2026-04-09,Data Center,52644,458633.04,Medium,Direct,Not approved,
PRJ-DELTA-0675,SF-100674,LATAM,P. Kovac,75,2026-11-17,Industrial,28230,614273.67,Small,Direct,Not approved,
PRJ-ALPHA-0676,SF-100675,EMEA-West,P. Kovac,90,2026-02-18,Pharma,42728,564235.08,Medium,Partner,Not approved,
PRJ-BETA-0677,SF-100676,APAC-East,J. Park,90,2026-06-15,Industrial,35275,92987.17,Small,Partner,Not approved,
PRJ-ALPHA-0678,SF-100677,EMEA-West,L. Tran,10,2026-04-11,Marine,47544,724304.17,Medium,Distributor,Not approved,
PRJ-DELTA-0679,SF-100678,APAC-South,H. Lindqvist,50,2026-09-12,Refrigeration,12677,1079361.44,Large,Distributor,Not approved,
PRJ-EPSILON-0680,SF-100679,EMEA-West,P. Kovac,90,2026-05-12,Food & Beverage,23053,1054808.19,Small,Partner,Not approved,
PRJ-ALPHA-0681,SF-100680,LATAM,T. Novak,75,2026-12-10,Industrial,53001,1164473.0,Medium,Direct,Not approved,
PRJ-OMEGA-0682,SF-100681,APAC-South,H. Lindqvist,50,2026-11-13,Marine,2874,1151734.68,Strategic,OEM,Not approved,
PRJ-GAMMA-0683,SF-100682,APAC-South,H. Lindqvist,10,2026-04-26,Food & Beverage,45657,1113780.18,Medium,Distributor,Not approved,
PRJ-EPSILON-0684,SF-100683,LATAM,R. Weber,50,2026-03-21,Data Center,35642,671792.75,Small,Direct,Not approved,
PRJ-BETA-0685,SF-100684,,H. Lindqvist,10,2026-09-08,Data Center,46998,905993.9,Small,OEM,Not approved,
PRJ-EPSILON-0686,SF-100685,,M. Akiyama,25,2026-08-22,District Heating,29346,165100.02,Medium,Partner,Not approved,
PRJ-GAMMA-0687,SF-100686,APAC-East,S. Iyer,50,2026-05-24,Food & Beverage,45140,1162236.39,Small,Distributor,Not approved,
PRJ-ALPHA-0688,SF-100687,,H. Lindqvist,90,2026-11-05,Marine,27639,739188.83,Medium,Direct,Not approved,
PRJ-DELTA-0689,SF-100688,EMEA-West,H. Lindqvist,90,2026-05-11,Pharma,38179,329557.34,Large,OEM,Not approved,
PRJ-BETA-0690,SF-100689,,R. Weber,75,2026-09-14,Oil & Gas,17357,1035530.2,Large,Distributor,Not approved,
PRJ-DELTA-0691,SF-100690,EMEA-West,P. Kovac,75,2026-09-06,Pharma,2758,795472.09,Strategic,OEM,Not approved,
PRJ-GAMMA-0692,SF-100691,EMEA-East,R. Weber,10,2026-04-04,District Heating,2991,326967.88,Small,Direct,Not approved,
PRJ-EPSILON-0693,SF-100692,,P. Kovac,10,2026-11-17,Industrial,33620,685235.5,Medium,Partner,Not approved,
PRJ-ALPHA-0694,SF-100693,,S. Iyer,75,2026-11-26,Food & Beverage,33870,702236.1,Strategic,Distributor,Not approved,
PRJ-BETA-0695,SF-100694,EMEA-East,M. Silva,75,2026-05-17,Refrigeration,28780,513619.53,Large,Direct,Not approved,
PRJ-ALPHA-0696,SF-100695,,A. Meyer,50,2026-09-21,Oil & Gas,20220,691809.51,Large,Direct,Not approved,
PRJ-EPSILON-0697,SF-100696,APAC-South,S. Iyer,10,2026-08-11,Refrigeration,11261,282318.02,Strategic,OEM,Not approved,
PRJ-ALPHA-0698,SF-100697,EMEA-West,M. Akiyama,50,2026-08-19,Industrial,35266,736983.88,Large,Partner,Not approved,
PRJ-DELTA-0699,SF-100698,EMEA-West,K. Suzuki,25,2026-02-08,Oil & Gas,19690,747722.1,Strategic,Partner,Not approved,
PRJ-EPSILON-0700,SF-100699,EMEA-East,H. Lindqvist,90,2026-04-22,Marine,17983,144055.92,Medium,Partner,Not approved,
PRJ-BETA-0701,SF-100700,LATAM,T. Novak,10,2026-02-12,Marine,31539,369857.89,Small,Distributor,Not approved,
PRJ-BETA-0702,SF-100701,LATAM,P. Kovac,90,2026-06-14,Marine,3154,802828.38,Large,Distributor,Not approved,
PRJ-BETA-0703,SF-100702,,H. Lindqvist,10,2026-12-13,Refrigeration,5006,1172680.64,Strategic,Distributor,Not approved,
PRJ-DELTA-0704,SF-100703,APAC-East,H. Lindqvist,25,2026-10-02,Refrigeration,35862,1033649.95,Small,Direct,Not approved,
PRJ-BETA-0705,SF-100704,EMEA-West,M. Akiyama,25,2026-10-26,Marine,49116,972252.59,Strategic,Direct,Not approved,
PRJ-EPSILON-0706,SF-100705,LATAM,M. Akiyama,90,2026-03-07,Industrial,24017,355686.88,Medium,Distributor,Not approved,
PRJ-ALPHA-0707,SF-100706,EMEA-West,T. Novak,75,2026-09-05,Refrigeration,46315,306301.87,Strategic,Partner,Not approved,
PRJ-EPSILON-0708,SF-100707,EMEA-West,P. Kovac,90,2026-11-07,Pharma,1219,231902.23,Strategic,OEM,Not approved,
PRJ-ALPHA-0709,SF-100708,LATAM,P. Kovac,90,2026-12-08,Data Center,31120,171969.65,Strategic,Direct,Not approved,
PRJ-DELTA-0710,SF-100709,LATAM,S. Iyer,50,2026-08-23,Refrigeration,57668,381095.21,Strategic,OEM,Not approved,
PRJ-OMEGA-0711,SF-100710,LATAM,M. Silva,90,2026-10-10,Data Center,31476,1163778.28,Strategic,Distributor,Not approved,
PRJ-EPSILON-0712,SF-100711,EMEA-West,L. Tran,50,2026-03-01,Oil & Gas,17823,533658.55,Strategic,Distributor,Not approved,
PRJ-GAMMA-0713,SF-100712,,J. Park,50,2026-08-12,Oil & Gas,14173,873748.58,Strategic,Partner,Not approved,
PRJ-BETA-0714,SF-100713,APAC-South,J. Park,75,2026-04-04,Refrigeration,48015,873254.97,Medium,Direct,Not approved,
PRJ-OMEGA-0715,SF-100714,LATAM,A. Meyer,25,2026-05-01,Industrial,39058,27537.02,Large,Partner,Not approved,
PRJ-ALPHA-0716,SF-100715,APAC-East,T. Novak,10,2026-03-02,Pharma,49693,969415.68,Medium,OEM,Not approved,
PRJ-DELTA-0717,SF-100716,APAC-East,T. Novak,25,2026-05-10,Data Center,17554,1035628.36,Small,OEM,Not approved,
PRJ-BETA-0718,SF-100717,APAC-East,C. Moreau,90,2026-11-12,Industrial,22291,501534.12,Medium,Direct,Not approved,
PRJ-OMEGA-0719,SF-100718,EMEA-East,C. Moreau,90,2026-09-27,Oil & Gas,45954,687087.19,Medium,OEM,Not approved,
PRJ-DELTA-0720,SF-100719,EMEA-West,S. Iyer,90,2026-02-18,District Heating,19713,132218.86,Medium,Direct,Not approved,
